L/R;Position Real;Position Virtual;Distance;Rotation Real;Rotation Virtual;Rotation Similarity;Rotation Real Normalized;Rotation Virtual Normalized
R;(0.998, 1.303, -13.320);(1.000, 1.303, -13.324);0,005;(293.141, 339.700, 23.586);(300.094, 340.285, 22.756);-0,9981538;(0.652, 0.756, 0.052);(0.661, 0.749, 0.050)
R;(0.998, 1.303, -13.320);(1.000, 1.302, -13.324);0,005;(293.141, 339.700, 23.586);(299.801, 340.102, 22.967);-0,9983077;(0.652, 0.756, 0.052);(0.660, 0.749, 0.051)
R;(0.997, 1.303, -13.319);(1.000, 1.302, -13.324);0,007;(291.163, 339.743, 23.185);(299.801, 340.102, 22.967);-0,9971585;(0.650, 0.758, 0.052);(0.660, 0.749, 0.051)
R;(0.996, 1.302, -13.317);(1.000, 1.301, -13.325);0,009;(287.558, 339.897, 22.424);(299.593, 339.970, 23.119);-0,9944685;(0.645, 0.762, 0.050);(0.660, 0.749, 0.051)
R;(0.996, 1.302, -13.317);(1.000, 1.300, -13.325);0,009;(287.558, 339.897, 22.424);(299.249, 339.746, 23.376);-0,9947755;(0.645, 0.762, 0.050);(0.660, 0.749, 0.052)
R;(0.996, 1.301, -13.316);(1.000, 1.300, -13.325);0,010;(287.690, 339.488, 22.460);(299.249, 339.746, 23.376);-0,9948659;(0.646, 0.762, 0.050);(0.660, 0.749, 0.052)
R;(0.996, 1.301, -13.316);(1.000, 1.299, -13.325);0,010;(287.690, 339.488, 22.460);(298.947, 339.545, 23.607);-0,995124;(0.646, 0.762, 0.050);(0.660, 0.750, 0.052)
R;(0.994, 1.300, -13.314);(1.000, 1.299, -13.325);0,012;(286.179, 337.263, 23.644);(298.947, 339.545, 23.607);-0,9936076;(0.646, 0.761, 0.053);(0.660, 0.750, 0.052)
R;(0.989, 1.298, -13.309);(1.000, 1.298, -13.326);0,020;(283.269, 328.456, 28.982);(298.476, 339.221, 23.976);-0,9897231;(0.652, 0.756, 0.067);(0.660, 0.750, 0.053)
R;(0.989, 1.298, -13.309);(1.000, 1.293, -13.327);0,021;(283.269, 328.456, 28.982);(296.813, 337.977, 25.380);-0,991559;(0.652, 0.756, 0.067);(0.659, 0.750, 0.056)
R;(0.989, 1.300, -13.308);(1.000, 1.293, -13.327);0,023;(283.312, 325.352, 32.272);(296.813, 337.977, 25.380);-0,99147;(0.655, 0.752, 0.075);(0.659, 0.750, 0.056)
R;(0.989, 1.300, -13.308);(1.000, 1.293, -13.327);0,023;(283.312, 325.352, 32.272);(296.828, 337.989, 25.366);-0,9914535;(0.655, 0.752, 0.075);(0.659, 0.750, 0.056)
R;(0.989, 1.297, -13.307);(1.000, 1.293, -13.327);0,022;(281.438, 325.088, 31.628);(296.828, 337.989, 25.366);-0,9890475;(0.653, 0.754, 0.073);(0.659, 0.750, 0.056)
R;(0.989, 1.297, -13.307);(1.000, 1.293, -13.327);0,023;(281.438, 325.088, 31.628);(296.725, 337.906, 25.459);-0,9891698;(0.653, 0.754, 0.073);(0.659, 0.750, 0.057)
R;(0.986, 1.296, -13.306);(1.000, 1.293, -13.327);0,025;(279.101, 322.095, 33.356);(296.725, 337.906, 25.459);-0,9854928;(0.653, 0.753, 0.078);(0.659, 0.750, 0.057)
R;(0.986, 1.296, -13.306);(1.000, 1.289, -13.328);0,026;(279.101, 322.095, 33.356);(295.572, 336.929, 26.547);-0,9869916;(0.653, 0.753, 0.078);(0.658, 0.750, 0.059)
R;(0.985, 1.294, -13.304);(1.000, 1.289, -13.328);0,029;(276.838, 315.412, 38.791);(295.572, 336.929, 26.547);-0,9829116;(0.657, 0.748, 0.092);(0.658, 0.750, 0.059)
R;(0.985, 1.294, -13.304);(1.000, 1.287, -13.328);0,029;(276.838, 315.412, 38.791);(294.735, 336.156, 27.402);-0,9840827;(0.657, 0.748, 0.092);(0.658, 0.751, 0.061)
R;(0.983, 1.291, -13.302);(1.000, 1.287, -13.328);0,031;(273.577, 299.569, 53.902);(294.735, 336.156, 27.402);-0,9782355;(0.668, 0.732, 0.132);(0.658, 0.751, 0.061)
R;(0.980, 1.288, -13.300);(1.000, 1.284, -13.329);0,035;(273.679, 182.806, 169.221);(293.847, 335.269, 28.375);-0,9673581;(0.740, 0.494, 0.457);(0.658, 0.751, 0.064)
R;(0.980, 1.288, -13.300);(1.000, 1.280, -13.329);0,037;(273.679, 182.806, 169.221);(292.361, 333.602, 30.187);-0,9702614;(0.740, 0.494, 0.457);(0.658, 0.750, 0.068)
R;(0.980, 1.287, -13.300);(1.000, 1.280, -13.329);0,037;(274.075, 178.315, 173.917);(292.361, 333.602, 30.187);-0,9694777;(0.740, 0.481, 0.470);(0.658, 0.750, 0.068)
R;(0.980, 1.287, -13.300);(1.000, 1.279, -13.329);0,037;(274.075, 178.315, 173.917);(292.144, 333.337, 30.473);-0,9698969;(0.740, 0.481, 0.470);(0.658, 0.750, 0.069)
R;(0.979, 1.285, -13.299);(1.000, 1.279, -13.329);0,038;(277.371, 165.163, 186.536);(292.144, 333.337, 30.473);-0,9621433;(0.744, 0.443, 0.500);(0.658, 0.750, 0.069)
R;(0.977, 1.280, -13.297);(1.000, 1.276, -13.330);0,040;(284.269, 157.673, 192.919);(291.358, 332.326, 31.562);-0,946005;(0.752, 0.417, 0.510);(0.658, 0.750, 0.071)
R;(0.977, 1.280, -13.297);(1.000, 1.271, -13.330);0,041;(284.269, 157.673, 192.919);(289.624, 329.758, 34.302);-0,9505205;(0.752, 0.417, 0.510);(0.658, 0.749, 0.078)
R;(0.977, 1.280, -13.296);(1.000, 1.271, -13.330);0,042;(284.352, 158.714, 192.023);(289.624, 329.758, 34.302);-0,9505503;(0.752, 0.420, 0.508);(0.658, 0.749, 0.078)
R;(0.977, 1.280, -13.296);(1.000, 1.271, -13.330);0,042;(284.352, 158.714, 192.023);(289.609, 329.734, 34.328);-0,9505886;(0.752, 0.420, 0.508);(0.658, 0.749, 0.078)
R;(0.976, 1.277, -13.295);(1.000, 1.271, -13.330);0,043;(287.149, 158.218, 192.050);(289.609, 329.734, 34.328);-0,9428499;(0.756, 0.416, 0.505);(0.658, 0.749, 0.078)
R;(0.974, 1.271, -13.294);(1.000, 1.268, -13.331);0,045;(291.744, 155.778, 193.698);(288.797, 328.336, 35.809);-0,9311579;(0.761, 0.406, 0.505);(0.658, 0.748, 0.082)
R;(0.974, 1.271, -13.294);(1.000, 1.261, -13.331);0,046;(291.744, 155.778, 193.698);(286.657, 323.837, 40.531);-0,9377282;(0.761, 0.406, 0.505);(0.660, 0.746, 0.093)
R;(0.974, 1.269, -13.294);(1.000, 1.261, -13.331);0,046;(290.821, 155.446, 194.214);(286.657, 323.837, 40.531);-0,9404067;(0.760, 0.406, 0.507);(0.660, 0.746, 0.093)
R;(0.974, 1.269, -13.294);(1.000, 1.258, -13.331);0,047;(290.821, 155.446, 194.214);(285.973, 322.072, 42.370);-0,942431;(0.760, 0.406, 0.507);(0.661, 0.744, 0.098)
R;(0.972, 1.260, -13.293);(1.000, 1.258, -13.331);0,047;(293.918, 153.489, 195.724);(285.973, 322.072, 42.370);-0,9330491;(0.763, 0.399, 0.508);(0.661, 0.744, 0.098)
R;(0.972, 1.260, -13.293);(1.000, 1.247, -13.331);0,049;(293.918, 153.489, 195.724);(283.114, 311.798, 52.979);-0,942347;(0.763, 0.399, 0.508);(0.667, 0.735, 0.125)
R;(0.971, 1.255, -13.293);(1.000, 1.247, -13.331);0,049;(294.688, 154.412, 194.926);(283.114, 311.798, 52.979);-0,9406278;(0.764, 0.400, 0.506);(0.667, 0.735, 0.125)
R;(0.969, 1.246, -13.292);(1.000, 1.242, -13.330);0,050;(296.397, 154.001, 195.190);(281.919, 305.018, 59.923);-0,9402215;(0.766, 0.398, 0.505);(0.672, 0.727, 0.143)
R;(0.969, 1.246, -13.292);(1.000, 1.231, -13.329);0,051;(296.397, 154.001, 195.190);(280.189, 287.029, 78.245);-0,9485772;(0.766, 0.398, 0.505);(0.686, 0.702, 0.191)
R;(0.970, 1.246, -13.290);(1.000, 1.231, -13.329);0,052;(296.214, 153.761, 195.633);(280.189, 287.029, 78.245);-0,9491558;(0.766, 0.397, 0.506);(0.686, 0.702, 0.191)
R;(0.970, 1.246, -13.290);(1.000, 1.231, -13.329);0,052;(296.214, 153.761, 195.633);(280.230, 287.755, 77.507);-0,9488824;(0.766, 0.397, 0.506);(0.685, 0.703, 0.189)
R;(0.968, 1.241, -13.288);(1.000, 1.231, -13.329);0,053;(297.044, 151.993, 197.231);(280.230, 287.755, 77.507);-0,9461796;(0.766, 0.392, 0.509);(0.685, 0.703, 0.189)
R;(0.966, 1.233, -13.284);(1.000, 1.223, -13.328);0,056;(299.826, 150.625, 198.240);(279.741, 271.316, 94.195);-0,9443733;(0.769, 0.386, 0.509);(0.698, 0.677, 0.235)
R;(0.966, 1.233, -13.284);(1.000, 1.212, -13.325);0,057;(299.826, 150.625, 198.240);(280.460, 248.696, 117.161);-0,9519086;(0.769, 0.386, 0.509);(0.714, 0.633, 0.298)
R;(0.964, 1.231, -13.283);(1.000, 1.212, -13.325);0,058;(300.210, 150.738, 197.675);(280.460, 248.696, 117.161);-0,9506289;(0.770, 0.387, 0.507);(0.714, 0.633, 0.298)
R;(0.964, 1.231, -13.283);(1.000, 1.209, -13.324);0,058;(300.210, 150.738, 197.675);(280.859, 243.871, 122.070);-0,9523149;(0.770, 0.387, 0.507);(0.717, 0.623, 0.312)
R;(0.962, 1.226, -13.281);(1.000, 1.209, -13.324);0,060;(302.226, 150.251, 197.257);(280.859, 243.871, 122.070);-0,9466178;(0.773, 0.384, 0.505);(0.717, 0.623, 0.312)
R;(0.959, 1.222, -13.277);(1.000, 1.202, -13.322);0,064;(307.108, 150.482, 195.717);(282.313, 232.485, 133.691);-0,9388062;(0.779, 0.382, 0.497);(0.725, 0.597, 0.343)
R;(0.959, 1.222, -13.277);(1.000, 1.193, -13.318);0,065;(307.108, 150.482, 195.717);(284.494, 222.520, 143.932);-0,9446996;(0.779, 0.382, 0.497);(0.732, 0.572, 0.370)
R;(0.959, 1.220, -13.276);(1.000, 1.193, -13.318);0,065;(307.647, 149.219, 196.610);(284.494, 222.520, 143.932);-0,942276;(0.780, 0.378, 0.498);(0.732, 0.572, 0.370)
R;(0.959, 1.220, -13.276);(1.000, 1.190, -13.317);0,065;(307.647, 149.219, 196.610);(285.316, 219.818, 146.727);-0,9441283;(0.780, 0.378, 0.498);(0.734, 0.565, 0.377)
R;(0.959, 1.220, -13.276);(1.000, 1.190, -13.317);0,065;(307.647, 149.219, 196.610);(285.316, 219.818, 146.727);-0,9441283;(0.780, 0.378, 0.498);(0.734, 0.565, 0.377)
R;(0.958, 1.218, -13.272);(1.000, 1.190, -13.317);0,067;(310.909, 148.991, 196.310);(285.316, 219.818, 146.727);-0,9358206;(0.784, 0.376, 0.495);(0.734, 0.565, 0.377)
R;(0.954, 1.210, -13.267);(1.000, 1.187, -13.316);0,071;(315.770, 147.386, 195.982);(286.330, 216.985, 149.673);-0,9224855;(0.790, 0.369, 0.490);(0.736, 0.558, 0.385)
R;(0.954, 1.210, -13.267);(1.000, 1.174, -13.309);0,072;(315.770, 147.386, 195.982);(290.648, 208.665, 158.437);-0,9323453;(0.790, 0.369, 0.490);(0.743, 0.533, 0.405)
R;(0.955, 1.211, -13.266);(1.000, 1.174, -13.309);0,072;(316.021, 147.286, 196.049);(290.648, 208.665, 158.437);-0,9316247;(0.790, 0.368, 0.490);(0.743, 0.533, 0.405)
R;(0.955, 1.211, -13.266);(1.000, 1.174, -13.309);0,072;(316.021, 147.286, 196.049);(290.684, 208.613, 158.493);-0,9316965;(0.790, 0.368, 0.490);(0.743, 0.533, 0.405)
R;(0.954, 1.209, -13.262);(1.000, 1.174, -13.309);0,074;(318.564, 147.403, 195.438);(290.684, 208.613, 158.493);-0,9250555;(0.793, 0.367, 0.486);(0.743, 0.533, 0.405)
R;(0.950, 1.200, -13.255);(1.000, 1.170, -13.306);0,077;(322.407, 145.647, 195.679);(292.141, 206.667, 160.582);-0,9147691;(0.797, 0.360, 0.484);(0.745, 0.527, 0.409)
R;(0.950, 1.200, -13.255);(1.000, 1.155, -13.296);0,078;(322.407, 145.647, 195.679);(297.979, 201.133, 166.683);-0,9264877;(0.797, 0.360, 0.484);(0.752, 0.508, 0.421)
R;(0.951, 1.202, -13.254);(1.000, 1.155, -13.296);0,080;(322.363, 146.443, 195.353);(297.979, 201.133, 166.683);-0,9280954;(0.797, 0.362, 0.483);(0.752, 0.508, 0.421)
R;(0.951, 1.202, -13.254);(1.000, 1.156, -13.297);0,079;(322.363, 146.443, 195.353);(297.507, 201.483, 166.287);-0,9272628;(0.797, 0.362, 0.483);(0.751, 0.509, 0.420)
R;(0.947, 1.195, -13.244);(1.000, 1.156, -13.297);0,084;(325.941, 144.514, 195.342);(297.507, 201.483, 166.287);-0,9140729;(0.802, 0.355, 0.480);(0.751, 0.509, 0.420)
R;(0.947, 1.195, -13.244);(1.000, 1.142, -13.285);0,085;(325.941, 144.514, 195.342);(303.699, 197.750, 170.618);-0,9249263;(0.802, 0.355, 0.480);(0.758, 0.494, 0.426)
R;(0.945, 1.194, -13.239);(1.000, 1.142, -13.285);0,088;(327.352, 144.031, 194.795);(303.699, 197.750, 170.618);-0,920108;(0.804, 0.354, 0.478);(0.758, 0.494, 0.426)
R;(0.945, 1.194, -13.239);(1.000, 1.137, -13.279);0,089;(327.352, 144.031, 194.795);(306.446, 196.543, 172.092);-0,9241869;(0.804, 0.354, 0.478);(0.761, 0.488, 0.427)
R;(0.937, 1.187, -13.224);(1.000, 1.137, -13.279);0,097;(328.518, 141.782, 194.058);(306.446, 196.543, 172.092);-0,9148012;(0.807, 0.348, 0.477);(0.761, 0.488, 0.427)
R;(0.937, 1.187, -13.224);(1.000, 1.121, -13.258);0,098;(328.518, 141.782, 194.058);(315.221, 193.786, 175.725);-0,9244569;(0.807, 0.348, 0.477);(0.770, 0.473, 0.429)
R;(0.934, 1.185, -13.217);(1.000, 1.121, -13.258);0,101;(329.549, 141.084, 193.770);(315.221, 193.786, 175.725);-0,9205817;(0.809, 0.346, 0.476);(0.770, 0.473, 0.429)
R;(0.934, 1.185, -13.217);(1.000, 1.115, -13.249);0,101;(329.549, 141.084, 193.770);(318.959, 192.959, 176.938);-0,9231882;(0.809, 0.346, 0.476);(0.773, 0.468, 0.429)
R;(0.929, 1.182, -13.205);(1.000, 1.115, -13.249);0,107;(332.004, 139.700, 193.219);(318.959, 192.959, 176.938);-0,9151542;(0.812, 0.342, 0.473);(0.773, 0.468, 0.429)
R;(0.929, 1.182, -13.205);(1.000, 1.106, -13.231);0,107;(332.004, 139.700, 193.219);(325.819, 191.798, 178.837);-0,9184391;(0.812, 0.342, 0.473);(0.779, 0.459, 0.428)
R;(0.925, 1.180, -13.198);(1.000, 1.106, -13.231);0,111;(332.834, 139.043, 192.753);(325.819, 191.798, 178.837);-0,9150796;(0.814, 0.340, 0.471);(0.779, 0.459, 0.428)
R;(0.925, 1.180, -13.198);(1.000, 1.102, -13.221);0,111;(332.834, 139.043, 192.753);(329.774, 191.289, 179.791);-0,9156581;(0.814, 0.340, 0.471);(0.782, 0.454, 0.427)
R;(0.922, 1.180, -13.191);(1.000, 1.102, -13.221);0,114;(334.522, 138.343, 192.139);(329.774, 191.289, 179.791);-0,9115871;(0.816, 0.338, 0.469);(0.782, 0.454, 0.427)
R;(0.922, 1.180, -13.191);(1.000, 1.099, -13.210);0,114;(334.522, 138.343, 192.139);(333.609, 190.884, 180.645);-0,911563;(0.816, 0.338, 0.469);(0.786, 0.449, 0.425)
R;(0.920, 1.182, -13.184);(1.000, 1.099, -13.210);0,118;(336.956, 138.288, 191.135);(333.609, 190.884, 180.645);-0,9093003;(0.819, 0.336, 0.465);(0.786, 0.449, 0.425)
R;(0.918, 1.185, -13.173);(1.000, 1.097, -13.202);0,123;(341.551, 137.648, 189.670);(336.524, 190.627, 181.255);-0,9034541;(0.825, 0.332, 0.458);(0.788, 0.446, 0.424)
R;(0.918, 1.185, -13.173);(1.000, 1.095, -13.186);0,122;(341.551, 137.648, 189.670);(341.999, 190.245, 182.333);-0,9035217;(0.825, 0.332, 0.458);(0.792, 0.441, 0.422)
R;(0.917, 1.184, -13.173);(1.000, 1.095, -13.186);0,123;(341.582, 136.940, 189.778);(341.999, 190.245, 182.333);-0,9009532;(0.825, 0.331, 0.458);(0.792, 0.441, 0.422)
R;(0.917, 1.184, -13.173);(1.000, 1.095, -13.185);0,123;(341.582, 136.940, 189.778);(342.275, 190.229, 182.386);-0,9008995;(0.825, 0.331, 0.458);(0.792, 0.440, 0.422)
R;(0.915, 1.186, -13.167);(1.000, 1.095, -13.185);0,127;(343.788, 136.268, 189.041);(342.275, 190.229, 182.386);-0,8972671;(0.828, 0.328, 0.455);(0.792, 0.440, 0.422)
R;(0.911, 1.189, -13.157);(1.000, 1.094, -13.178);0,132;(347.396, 135.767, 187.266);(344.781, 190.096, 182.854);-0,8930334;(0.832, 0.325, 0.449);(0.794, 0.438, 0.421)
R;(0.911, 1.189, -13.157);(1.000, 1.094, -13.165);0,131;(347.396, 135.767, 187.266);(349.377, 189.910, 183.685);-0,8927341;(0.832, 0.325, 0.449);(0.798, 0.434, 0.419)
R;(0.914, 1.193, -13.158);(1.000, 1.094, -13.165);0,132;(347.905, 136.453, 187.153);(349.377, 189.910, 183.685);-0,8953481;(0.832, 0.326, 0.448);(0.798, 0.434, 0.419)
R;(0.914, 1.193, -13.158);(1.000, 1.094, -13.166);0,132;(347.905, 136.453, 187.153);(349.156, 189.917, 183.646);-0,8953873;(0.832, 0.326, 0.448);(0.797, 0.434, 0.419)
R;(0.912, 1.194, -13.152);(1.000, 1.094, -13.166);0,134;(349.114, 136.005, 186.288);(349.156, 189.917, 183.646);-0,8930889;(0.834, 0.325, 0.445);(0.797, 0.434, 0.419)
R;(0.909, 1.198, -13.142);(1.000, 1.094, -13.158);0,139;(351.824, 135.309, 184.539);(351.680, 189.843, 184.092);-0,889131;(0.838, 0.322, 0.440);(0.799, 0.431, 0.418)
R;(0.909, 1.198, -13.142);(1.000, 1.095, -13.146);0,138;(351.824, 135.309, 184.539);(356.136, 189.761, 184.866);-0,8884404;(0.838, 0.322, 0.440);(0.802, 0.428, 0.416)
R;(0.908, 1.198, -13.141);(1.000, 1.095, -13.146);0,138;(351.331, 135.133, 184.695);(356.136, 189.761, 184.866);-0,8876514;(0.838, 0.322, 0.440);(0.802, 0.428, 0.416)
R;(0.908, 1.198, -13.141);(1.000, 1.095, -13.145);0,138;(351.331, 135.133, 184.695);(356.293, 189.759, 184.893);-0,8875957;(0.838, 0.322, 0.440);(0.802, 0.427, 0.416)
R;(0.906, 1.200, -13.136);(1.000, 1.095, -13.145);0,142;(352.410, 134.776, 184.073);(356.293, 189.759, 184.893);-0,8862228;(0.839, 0.321, 0.438);(0.802, 0.427, 0.416)
R;(0.906, 1.200, -13.136);(1.000, 1.096, -13.139);0,140;(352.410, 134.776, 184.073);(358.503, 189.742, 185.273);-0,8854642;(0.839, 0.321, 0.438);(0.804, 0.425, 0.415)
R;(0.905, 1.203, -13.130);(1.000, 1.096, -13.139);0,144;(353.860, 134.453, 183.739);(358.503, 189.742, 185.273);-0,8846236;(0.841, 0.320, 0.437);(0.804, 0.425, 0.415)
R;(0.903, 1.209, -13.120);(1.000, 1.098, -13.132);0,148;(356.333, 133.687, 183.140);(0.850, 189.739, 185.676);-0,8815748;(0.844, 0.317, 0.434);(0.003, 0.715, 0.699)
R;(0.903, 1.209, -13.120);(1.000, 1.101, -13.121);0,146;(356.333, 133.687, 183.140);(4.729, 189.772, 186.344);-0,8800088;(0.844, 0.317, 0.434);(0.018, 0.713, 0.701)
R;(0.905, 1.211, -13.119);(1.000, 1.101, -13.121);0,146;(356.485, 133.773, 183.337);(4.729, 189.772, 186.344);-0,8804948;(0.844, 0.317, 0.434);(0.018, 0.713, 0.701)
R;(0.905, 1.211, -13.119);(1.000, 1.101, -13.120);0,146;(356.485, 133.773, 183.337);(5.207, 189.779, 186.426);-0,8802327;(0.844, 0.317, 0.434);(0.020, 0.713, 0.701)
R;(0.903, 1.214, -13.114);(1.000, 1.101, -13.120);0,149;(357.116, 133.531, 182.851);(5.207, 189.779, 186.426);-0,8796005;(0.845, 0.316, 0.432);(0.020, 0.713, 0.701)
R;(0.901, 1.222, -13.102);(1.000, 1.103, -13.115);0,156;(358.277, 132.510, 181.461);(7.061, 189.813, 186.748);-0,8750722;(0.847, 0.313, 0.429);(0.027, 0.713, 0.701)
R;(0.901, 1.222, -13.102);(1.000, 1.106, -13.106);0,153;(358.277, 132.510, 181.461);(10.340, 189.901, 187.324);-0,8730323;(0.847, 0.313, 0.429);(0.039, 0.711, 0.702)
R;(0.899, 1.222, -13.101);(1.000, 1.106, -13.106);0,154;(357.570, 132.008, 181.167);(10.340, 189.901, 187.324);-0,8701841;(0.847, 0.313, 0.429);(0.039, 0.711, 0.702)
R;(0.899, 1.222, -13.101);(1.000, 1.106, -13.107);0,154;(357.570, 132.008, 181.167);(10.194, 189.896, 187.299);-0,8702969;(0.847, 0.313, 0.429);(0.038, 0.711, 0.702)
R;(0.898, 1.228, -13.096);(1.000, 1.106, -13.107);0,159;(358.245, 131.308, 180.195);(10.194, 189.896, 187.299);-0,8679485;(0.849, 0.311, 0.427);(0.038, 0.711, 0.702)
R;(0.895, 1.238, -13.087);(1.000, 1.107, -13.104);0,169;(359.211, 130.866, 178.385);(11.270, 189.932, 187.490);-0,8661048;(0.851, 0.310, 0.423);(0.042, 0.711, 0.702)
R;(0.895, 1.238, -13.087);(1.000, 1.107, -13.104);0,169;(359.211, 130.866, 178.385);(11.270, 189.932, 187.490);-0,8661048;(0.851, 0.310, 0.423);(0.042, 0.711, 0.702)
R;(0.896, 1.240, -13.087);(1.000, 1.107, -13.104);0,170;(359.603, 131.002, 178.384);(11.270, 189.932, 187.490);-0,8671139;(0.852, 0.310, 0.422);(0.042, 0.711, 0.702)
R;(0.896, 1.240, -13.087);(1.000, 1.107, -13.104);0,170;(359.603, 131.002, 178.384);(11.270, 189.932, 187.490);-0,867114;(0.852, 0.310, 0.422);(0.042, 0.711, 0.702)
R;(0.896, 1.253, -13.079);(1.000, 1.107, -13.104);0,181;(1.538, 130.836, 176.888);(11.270, 189.932, 187.490);-0,8681839;(0.007, 0.595, 0.804);(0.042, 0.711, 0.702)
R;(0.896, 1.253, -13.079);(1.000, 1.107, -13.104);0,181;(1.538, 130.836, 176.888);(11.270, 189.932, 187.490);-0,868184;(0.007, 0.595, 0.804);(0.042, 0.711, 0.702)
R;(0.896, 1.260, -13.075);(1.000, 1.107, -13.104);0,187;(2.527, 130.591, 176.295);(11.270, 189.932, 187.490);-0,8680269;(0.012, 0.595, 0.804);(0.042, 0.711, 0.702)
R;(0.895, 1.273, -13.069);(1.000, 1.107, -13.104);0,199;(4.107, 129.939, 175.028);(11.270, 189.932, 187.490);-0,8665181;(0.019, 0.596, 0.803);(0.042, 0.711, 0.702)
R;(0.895, 1.273, -13.069);(1.000, 1.107, -13.104);0,199;(4.107, 129.939, 175.028);(11.270, 189.932, 187.490);-0,8665181;(0.019, 0.596, 0.803);(0.042, 0.711, 0.702)
R;(0.894, 1.273, -13.068);(1.000, 1.107, -13.104);0,200;(3.645, 130.028, 175.034);(11.270, 189.932, 187.490);-0,8664557;(0.017, 0.596, 0.803);(0.042, 0.711, 0.702)
R;(0.894, 1.273, -13.068);(1.000, 1.107, -13.104);0,200;(3.645, 130.028, 175.034);(11.270, 189.932, 187.490);-0,8664557;(0.017, 0.596, 0.803);(0.042, 0.711, 0.702)
R;(0.893, 1.281, -13.066);(1.000, 1.107, -13.104);0,208;(4.000, 129.792, 174.057);(11.270, 189.932, 187.490);-0,8655336;(0.018, 0.598, 0.802);(0.042, 0.711, 0.702)
R;(0.892, 1.296, -13.061);(1.000, 1.107, -13.104);0,222;(4.774, 129.477, 172.007);(11.270, 189.932, 187.490);-0,8642476;(0.022, 0.601, 0.799);(0.042, 0.711, 0.702)
R;(0.892, 1.296, -13.061);(1.000, 1.107, -13.104);0,222;(4.774, 129.477, 172.007);(11.270, 189.932, 187.490);-0,8642476;(0.022, 0.601, 0.799);(0.042, 0.711, 0.702)
R;(0.892, 1.299, -13.061);(1.000, 1.107, -13.104);0,224;(4.506, 129.551, 171.698);(11.270, 189.932, 187.490);-0,8641554;(0.021, 0.602, 0.798);(0.042, 0.711, 0.702)
R;(0.892, 1.299, -13.061);(1.000, 1.107, -13.104);0,224;(4.506, 129.551, 171.698);(11.270, 189.932, 187.490);-0,8641555;(0.021, 0.602, 0.798);(0.042, 0.711, 0.702)
R;(0.892, 1.306, -13.059);(1.000, 1.107, -13.104);0,231;(4.626, 129.192, 170.591);(11.270, 189.932, 187.490);-0,8622516;(0.022, 0.604, 0.797);(0.042, 0.711, 0.702)
R;(0.890, 1.319, -13.056);(1.000, 1.107, -13.104);0,244;(4.865, 128.655, 168.486);(11.270, 189.932, 187.490);-0,8590763;(0.023, 0.607, 0.795);(0.042, 0.711, 0.702)
R;(0.890, 1.319, -13.056);(1.000, 1.107, -13.104);0,244;(4.865, 128.655, 168.486);(11.270, 189.932, 187.490);-0,8590763;(0.023, 0.607, 0.795);(0.042, 0.711, 0.702)
R;(0.890, 1.319, -13.057);(1.000, 1.107, -13.104);0,244;(4.715, 128.751, 168.523);(11.270, 189.932, 187.490);-0,8593326;(0.022, 0.607, 0.794);(0.042, 0.711, 0.702)
R;(0.890, 1.319, -13.057);(1.000, 1.107, -13.104);0,244;(4.715, 128.751, 168.523);(11.270, 189.932, 187.490);-0,8593326;(0.022, 0.607, 0.794);(0.042, 0.711, 0.702)
R;(0.888, 1.326, -13.057);(1.000, 1.107, -13.104);0,250;(4.699, 128.798, 167.757);(11.270, 189.932, 187.490);-0,8590124;(0.022, 0.609, 0.793);(0.042, 0.711, 0.702)
R;(0.886, 1.337, -13.059);(1.000, 1.107, -13.104);0,261;(4.985, 129.175, 166.678);(11.270, 189.932, 187.490);-0,860155;(0.024, 0.612, 0.790);(0.042, 0.711, 0.702)
R;(0.886, 1.337, -13.059);(1.000, 1.107, -13.104);0,261;(4.985, 129.175, 166.678);(11.270, 189.932, 187.490);-0,860155;(0.024, 0.612, 0.790);(0.042, 0.711, 0.702)
R;(0.887, 1.336, -13.059);(1.000, 1.107, -13.104);0,259;(5.130, 129.327, 167.231);(11.270, 189.932, 187.490);-0,8613545;(0.024, 0.612, 0.791);(0.042, 0.711, 0.702)
R;(0.887, 1.336, -13.059);(1.000, 1.107, -13.104);0,259;(5.130, 129.327, 167.231);(11.270, 189.932, 187.490);-0,8613545;(0.024, 0.612, 0.791);(0.042, 0.711, 0.702)
R;(0.887, 1.339, -13.062);(1.000, 1.107, -13.104);0,262;(5.570, 129.690, 167.319);(11.270, 189.932, 187.490);-0,8634175;(0.026, 0.612, 0.790);(0.042, 0.711, 0.702)
R;(0.887, 1.339, -13.062);(1.000, 1.107, -13.104);0,262;(5.570, 129.690, 167.319);(11.270, 189.932, 187.490);-0,8634176;(0.026, 0.612, 0.790);(0.042, 0.711, 0.702)
R;(0.886, 1.342, -13.064);(1.000, 1.107, -13.104);0,264;(5.792, 130.044, 167.555);(11.270, 189.932, 187.490);-0,8652776;(0.027, 0.613, 0.790);(0.042, 0.711, 0.702)
R;(0.886, 1.342, -13.064);(1.000, 1.107, -13.104);0,264;(5.792, 130.044, 167.555);(11.270, 189.932, 187.490);-0,8652776;(0.027, 0.613, 0.790);(0.042, 0.711, 0.702)
R;(0.886, 1.342, -13.066);(1.000, 1.107, -13.104);0,264;(5.449, 130.375, 167.919);(11.270, 189.932, 187.490);-0,8664936;(0.026, 0.613, 0.790);(0.042, 0.711, 0.702)
R;(0.886, 1.342, -13.066);(1.000, 1.107, -13.104);0,264;(5.449, 130.375, 167.919);(11.270, 189.932, 187.490);-0,8664935;(0.026, 0.613, 0.790);(0.042, 0.711, 0.702)
R;(0.882, 1.342, -13.070);(1.000, 1.107, -13.104);0,265;(2.893, 130.869, 168.033);(11.270, 189.932, 187.490);-0,8655534;(0.014, 0.614, 0.789);(0.042, 0.711, 0.702)
R;(0.876, 1.336, -13.072);(0.923, 1.233, -13.037);0,119;(357.500, 131.735, 169.475);(2.893, 130.869, 168.033);-0,9987855;(0.857, 0.316, 0.406);(0.014, 0.614, 0.789)
R;(0.870, 1.328, -13.074);(0.923, 1.233, -13.037);0,115;(352.327, 132.638, 171.067);(2.893, 130.869, 168.033);-0,9952676;(0.852, 0.321, 0.414);(0.014, 0.614, 0.789)
R;(0.986, 1.391, -13.267);(0.974, 1.402, -13.266);0,017;(322.001, 338.694, 17.494);(321.561, 336.299, 17.769);0,9998023;(0.689, 0.724, 0.037);(0.691, 0.722, 0.038)
R;(0.986, 1.391, -13.267);(0.974, 1.402, -13.267);0,016;(322.001, 338.694, 17.494);(321.201, 336.172, 17.972);0,9997817;(0.689, 0.724, 0.037);(0.690, 0.722, 0.039)
R;(0.990, 1.387, -13.267);(0.974, 1.402, -13.267);0,022;(322.159, 339.753, 17.139);(321.201, 336.172, 17.972);0,9995912;(0.688, 0.725, 0.037);(0.690, 0.722, 0.039)
R;(0.990, 1.387, -13.267);(0.974, 1.399, -13.271);0,020;(322.159, 339.753, 17.139);(319.791, 335.653, 18.789);0,9993671;(0.688, 0.725, 0.037);(0.689, 0.723, 0.040)
R;(0.992, 1.383, -13.268);(0.974, 1.399, -13.271);0,025;(322.144, 340.527, 16.140);(319.791, 335.653, 18.789);0,9992367;(0.687, 0.726, 0.034);(0.689, 0.723, 0.040)
R;(0.995, 1.375, -13.269);(0.974, 1.397, -13.274);0,031;(321.688, 341.449, 15.130);(318.644, 335.201, 19.481);0,9987675;(0.685, 0.727, 0.032);(0.688, 0.724, 0.042)
R;(0.995, 1.375, -13.269);(0.974, 1.393, -13.279);0,029;(321.688, 341.449, 15.130);(316.671, 334.353, 20.739);0,9979122;(0.685, 0.727, 0.032);(0.687, 0.725, 0.045)
R;(0.994, 1.376, -13.267);(0.974, 1.393, -13.279);0,029;(320.851, 340.409, 15.459);(316.671, 334.353, 20.739);0,9984844;(0.686, 0.727, 0.033);(0.687, 0.725, 0.045)
R;(0.994, 1.376, -13.267);(0.974, 1.394, -13.277);0,029;(320.851, 340.409, 15.459);(317.315, 334.640, 20.319);0,9987574;(0.686, 0.727, 0.033);(0.687, 0.725, 0.044)
R;(0.993, 1.373, -13.265);(0.974, 1.394, -13.277);0,031;(319.093, 339.578, 15.314);(317.315, 334.640, 20.319);0,9992524;(0.684, 0.728, 0.033);(0.687, 0.725, 0.044)
R;(0.989, 1.370, -13.265);(0.974, 1.394, -13.277);0,031;(316.369, 338.606, 16.198);(317.438, 334.693, 20.240);0,9995747;(0.682, 0.730, 0.035);(0.687, 0.725, 0.044)
R;(0.989, 1.370, -13.265);(0.974, 1.393, -13.278);0,031;(316.369, 338.606, 16.198);(317.089, 334.541, 20.465);0,9995633;(0.682, 0.730, 0.035);(0.687, 0.725, 0.044)
R;(0.994, 1.370, -13.263);(0.974, 1.393, -13.278);0,034;(315.504, 339.031, 16.772);(317.089, 334.541, 20.465);0,9994901;(0.681, 0.732, 0.036);(0.687, 0.725, 0.044)
R;(0.994, 1.370, -13.263);(0.974, 1.393, -13.278);0,034;(315.504, 339.031, 16.772);(317.091, 334.542, 20.464);0,9994901;(0.681, 0.732, 0.036);(0.687, 0.725, 0.044)
R;(0.990, 1.369, -13.263);(0.974, 1.393, -13.278);0,033;(313.894, 339.004, 16.350);(317.091, 334.542, 20.464);0,9991888;(0.679, 0.733, 0.035);(0.687, 0.725, 0.044)
R;(0.991, 1.365, -13.265);(0.974, 1.394, -13.277);0,036;(312.985, 339.281, 16.727);(317.545, 334.740, 20.171);0,9988109;(0.678, 0.735, 0.036);(0.688, 0.725, 0.044)
R;(0.991, 1.365, -13.265);(0.974, 1.391, -13.281);0,035;(312.985, 339.281, 16.727);(315.867, 333.981, 21.277);0,9991381;(0.678, 0.735, 0.036);(0.686, 0.726, 0.046)
R;(0.990, 1.365, -13.266);(0.974, 1.391, -13.281);0,034;(313.159, 339.005, 17.029);(315.867, 333.981, 21.277);0,9992322;(0.678, 0.734, 0.037);(0.686, 0.726, 0.046)
R;(0.990, 1.365, -13.266);(0.974, 1.391, -13.281);0,034;(313.159, 339.005, 17.029);(315.849, 333.972, 21.290);0,9992342;(0.678, 0.734, 0.037);(0.686, 0.726, 0.046)
R;(0.991, 1.364, -13.267);(0.974, 1.391, -13.281);0,035;(312.219, 338.686, 17.800);(315.849, 333.972, 21.290);0,9990901;(0.677, 0.735, 0.039);(0.686, 0.726, 0.046)
R;(0.991, 1.360, -13.270);(0.974, 1.389, -13.283);0,036;(310.249, 339.089, 18.400);(315.213, 333.665, 21.728);-0,9985313;(0.674, 0.737, 0.040);(0.686, 0.726, 0.047)
R;(0.991, 1.360, -13.270);(0.974, 1.386, -13.287);0,035;(310.249, 339.089, 18.400);(313.581, 332.825, 22.904);-0,9989109;(0.674, 0.737, 0.040);(0.685, 0.727, 0.050)
R;(0.991, 1.360, -13.270);(0.974, 1.386, -13.287);0,035;(309.651, 339.328, 18.263);(313.581, 332.825, 22.904);-0,9987017;(0.674, 0.738, 0.040);(0.685, 0.727, 0.050)
R;(0.991, 1.360, -13.270);(0.974, 1.385, -13.287);0,035;(309.651, 339.328, 18.263);(313.466, 332.763, 22.990);-0,9987241;(0.674, 0.738, 0.040);(0.685, 0.727, 0.050)
R;(0.991, 1.359, -13.271);(0.974, 1.385, -13.287);0,036;(307.749, 339.345, 18.260);(313.466, 332.763, 22.990);-0,9980576;(0.671, 0.740, 0.040);(0.685, 0.727, 0.050)
R;(0.991, 1.359, -13.271);(0.974, 1.384, -13.289);0,035;(307.749, 339.345, 18.260);(312.877, 332.438, 23.436);-0,9982415;(0.671, 0.740, 0.040);(0.684, 0.727, 0.051)
R;(0.989, 1.356, -13.272);(0.974, 1.384, -13.289);0,036;(305.564, 339.135, 18.067);(312.877, 332.438, 23.436);-0,9972863;(0.669, 0.742, 0.040);(0.684, 0.727, 0.051)
R;(0.987, 1.353, -13.273);(0.974, 1.382, -13.290);0,036;(300.945, 338.743, 18.017);(312.196, 332.047, 23.966);-0,9945807;(0.664, 0.747, 0.040);(0.684, 0.728, 0.053)
R;(0.987, 1.353, -13.273);(0.974, 1.380, -13.293);0,036;(300.945, 338.743, 18.017);(311.045, 331.350, 24.899);-0,9953845;(0.664, 0.747, 0.040);(0.683, 0.728, 0.055)
R;(0.985, 1.351, -13.274);(0.974, 1.380, -13.293);0,037;(297.433, 338.920, 17.514);(311.045, 331.350, 24.899);-0,9922444;(0.659, 0.751, 0.039);(0.683, 0.728, 0.055)
R;(0.985, 1.351, -13.274);(0.974, 1.378, -13.295);0,036;(297.433, 338.920, 17.514);(310.347, 330.902, 25.489);-0,9928609;(0.659, 0.751, 0.039);(0.683, 0.728, 0.056)
R;(0.984, 1.349, -13.274);(0.974, 1.378, -13.295);0,037;(293.422, 339.010, 17.147);(310.347, 330.902, 25.489);-0,9883896;(0.654, 0.756, 0.038);(0.683, 0.728, 0.056)
R;(0.984, 1.349, -13.274);(0.974, 1.377, -13.296);0,037;(293.422, 339.010, 17.147);(309.994, 330.668, 25.795);-0,9887952;(0.654, 0.756, 0.038);(0.683, 0.728, 0.057)
R;(0.983, 1.348, -13.273);(0.974, 1.377, -13.296);0,038;(289.060, 339.476, 16.428);(309.994, 330.668, 25.795);-0,9826378;(0.648, 0.761, 0.037);(0.683, 0.728, 0.057)
R;(0.983, 1.348, -13.273);(0.974, 1.376, -13.297);0,038;(289.060, 339.476, 16.428);(309.675, 330.452, 26.077);-0,9831038;(0.648, 0.761, 0.037);(0.683, 0.728, 0.057)
R;(0.982, 1.347, -13.273);(0.974, 1.376, -13.297);0,039;(284.992, 340.271, 15.285);(309.675, 330.452, 26.077);-0,9761436;(0.642, 0.766, 0.034);(0.683, 0.728, 0.057)
R;(0.981, 1.343, -13.275);(0.974, 1.375, -13.297);0,040;(277.521, 347.091, 7.646);(309.335, 330.217, 26.381);-0,9605271;(0.624, 0.781, 0.017);(0.682, 0.729, 0.058)
R;(0.981, 1.343, -13.275);(0.974, 1.371, -13.301);0,039;(277.521, 347.091, 7.646);(307.908, 329.173, 27.717);-0,9637191;(0.624, 0.781, 0.017);(0.682, 0.729, 0.061)
R;(0.980, 1.341, -13.275);(0.974, 1.371, -13.301);0,040;(277.041, 347.666, 6.753);(307.908, 329.173, 27.717);-0,9625491;(0.623, 0.782, 0.015);(0.682, 0.729, 0.061)
R;(0.980, 1.341, -13.275);(0.974, 1.370, -13.302);0,040;(277.041, 347.666, 6.753);(307.340, 328.729, 28.278);-0,9637942;(0.623, 0.782, 0.015);(0.682, 0.729, 0.063)
R;(0.978, 1.340, -13.276);(0.974, 1.370, -13.302);0,040;(271.880, 126.172, 227.083);(307.340, 328.729, 28.278);-0,9418288;(0.723, 0.336, 0.604);(0.682, 0.729, 0.063)
R;(0.978, 1.340, -13.276);(0.974, 1.368, -13.304);0,040;(271.880, 126.172, 227.083);(306.626, 328.147, 29.007);-0,9438331;(0.723, 0.336, 0.604);(0.681, 0.729, 0.064)
R;(0.978, 1.341, -13.275);(0.974, 1.368, -13.304);0,040;(276.228, 156.259, 196.141);(306.626, 328.147, 29.007);-0,9303534;(0.740, 0.419, 0.526);(0.681, 0.729, 0.064)
R;(0.978, 1.341, -13.275);(0.974, 1.369, -13.303);0,040;(276.228, 156.259, 196.141);(306.991, 328.448, 28.630);-0,9291953;(0.740, 0.419, 0.526);(0.681, 0.729, 0.064)
R;(0.976, 1.340, -13.275);(0.974, 1.369, -13.303);0,040;(280.381, 159.670, 191.504);(306.991, 328.448, 28.630);-0,9153792;(0.747, 0.426, 0.510);(0.681, 0.729, 0.064)
R;(0.976, 1.340, -13.275);(0.974, 1.368, -13.303);0,040;(280.381, 159.670, 191.504);(306.793, 328.285, 28.834);-0,9160738;(0.747, 0.426, 0.510);(0.681, 0.729, 0.064)
R;(0.975, 1.339, -13.275);(0.974, 1.368, -13.303);0,042;(284.352, 159.140, 190.754);(306.793, 328.285, 28.834);-0,9014219;(0.753, 0.421, 0.505);(0.681, 0.729, 0.064)
R;(0.974, 1.338, -13.277);(0.974, 1.367, -13.305);0,040;(291.851, 158.775, 189.024);(306.270, 327.846, 29.381);-0,8731327;(0.764, 0.415, 0.495);(0.681, 0.729, 0.065)
R;(0.974, 1.338, -13.277);(0.974, 1.364, -13.307);0,040;(291.851, 158.775, 189.024);(305.342, 327.024, 30.394);-0,8771024;(0.764, 0.415, 0.495);(0.681, 0.729, 0.068)
R;(0.972, 1.333, -13.277);(0.974, 1.364, -13.307);0,043;(290.346, 157.370, 190.285);(305.342, 327.024, 30.394);-0,8827036;(0.762, 0.413, 0.499);(0.681, 0.729, 0.068)
R;(0.972, 1.333, -13.277);(0.974, 1.360, -13.310);0,042;(290.346, 157.370, 190.285);(303.800, 325.530, 32.208);-0,8889984;(0.762, 0.413, 0.499);(0.681, 0.729, 0.072)
R;(0.972, 1.330, -13.278);(0.974, 1.360, -13.310);0,044;(292.173, 157.304, 189.986);(303.800, 325.530, 32.208);-0,8815995;(0.764, 0.411, 0.497);(0.681, 0.729, 0.072)
R;(0.971, 1.324, -13.280);(0.974, 1.357, -13.312);0,046;(295.553, 157.241, 189.515);(302.770, 324.431, 33.523);-0,8719794;(0.768, 0.409, 0.493);(0.680, 0.729, 0.075)
R;(0.971, 1.324, -13.280);(0.974, 1.350, -13.317);0,045;(295.553, 157.241, 189.515);(300.768, 322.014, 36.365);-0,8807091;(0.768, 0.409, 0.493);(0.680, 0.728, 0.082)
R;(0.973, 1.323, -13.279);(0.974, 1.350, -13.317);0,046;(294.655, 157.185, 190.354);(300.768, 322.014, 36.365);-0,8847084;(0.767, 0.409, 0.495);(0.680, 0.728, 0.082)
R;(0.973, 1.323, -13.279);(0.974, 1.350, -13.317);0,046;(294.655, 157.185, 190.354);(300.748, 321.988, 36.395);-0,8847926;(0.767, 0.409, 0.495);(0.680, 0.728, 0.082)
R;(0.973, 1.321, -13.280);(0.974, 1.350, -13.317);0,047;(295.405, 158.001, 189.871);(300.748, 321.988, 36.395);-0,882336;(0.767, 0.410, 0.493);(0.680, 0.728, 0.082)
R;(0.973, 1.310, -13.282);(0.974, 1.347, -13.318);0,053;(295.718, 156.074, 192.318);(299.902, 320.834, 37.733);-0,8843653;(0.767, 0.405, 0.499);(0.680, 0.728, 0.086)
R;(0.973, 1.310, -13.282);(0.974, 1.335, -13.325);0,051;(295.718, 156.074, 192.318);(296.496, 315.112, 44.221);-0,8989841;(0.767, 0.405, 0.499);(0.682, 0.725, 0.102)
R;(0.972, 1.308, -13.282);(0.974, 1.335, -13.325);0,052;(294.587, 156.267, 192.155);(296.496, 315.112, 44.221);-0,9031373;(0.765, 0.406, 0.499);(0.682, 0.725, 0.102)
R;(0.972, 1.308, -13.282);(0.974, 1.333, -13.326);0,051;(294.587, 156.267, 192.155);(295.894, 313.867, 45.608);-0,905656;(0.765, 0.406, 0.499);(0.682, 0.724, 0.105)
R;(0.972, 1.302, -13.282);(0.974, 1.333, -13.326);0,055;(294.315, 155.624, 192.777);(295.894, 313.867, 45.608);-0,9063432;(0.765, 0.405, 0.501);(0.682, 0.724, 0.105)
R;(0.972, 1.302, -13.282);(0.974, 1.325, -13.330);0,054;(294.315, 155.624, 192.777);(294.095, 309.537, 50.384);-0,9138745;(0.765, 0.405, 0.501);(0.684, 0.720, 0.117)
R;(0.971, 1.295, -13.281);(0.974, 1.325, -13.330);0,057;(294.640, 154.789, 193.266);(294.095, 309.537, 50.384);-0,9122348;(0.766, 0.402, 0.502);(0.684, 0.720, 0.117)
R;(0.970, 1.289, -13.280);(0.974, 1.318, -13.333);0,060;(296.773, 154.690, 192.860);(292.463, 304.512, 55.853);-0,912027;(0.768, 0.400, 0.499);(0.687, 0.715, 0.131)
R;(0.970, 1.289, -13.280);(0.974, 1.310, -13.336);0,060;(296.773, 154.690, 192.860);(291.013, 298.593, 62.225);-0,9191057;(0.768, 0.400, 0.499);(0.690, 0.708, 0.148)
R;(0.970, 1.289, -13.279);(0.974, 1.310, -13.336);0,060;(297.268, 153.621, 193.633);(291.013, 298.593, 62.225);-0,9168048;(0.769, 0.397, 0.501);(0.690, 0.708, 0.148)
R;(0.970, 1.289, -13.279);(0.974, 1.309, -13.336);0,060;(297.268, 153.621, 193.633);(290.956, 298.318, 62.519);-0,9171013;(0.769, 0.397, 0.501);(0.690, 0.708, 0.148)
R;(0.968, 1.282, -13.278);(0.974, 1.309, -13.336);0,064;(300.071, 152.543, 193.627);(290.956, 298.318, 62.519);-0,9065937;(0.773, 0.393, 0.499);(0.690, 0.708, 0.148)
R;(0.966, 1.277, -13.276);(0.974, 1.300, -13.338);0,067;(303.535, 152.051, 192.866);(289.687, 290.840, 70.491);-0,9016393;(0.777, 0.389, 0.494);(0.696, 0.698, 0.169)
R;(0.966, 1.277, -13.276);(0.974, 1.293, -13.340);0,066;(303.535, 152.051, 192.866);(288.938, 284.047, 77.688);-0,908026;(0.777, 0.389, 0.494);(0.700, 0.689, 0.188)
R;(0.965, 1.277, -13.276);(0.974, 1.293, -13.340);0,066;(303.809, 153.181, 191.633);(288.938, 284.047, 77.688);-0,9078467;(0.778, 0.392, 0.491);(0.700, 0.689, 0.188)
R;(0.965, 1.277, -13.276);(0.974, 1.293, -13.340);0,066;(303.809, 153.181, 191.633);(288.943, 284.098, 77.634);-0,9078016;(0.778, 0.392, 0.491);(0.700, 0.689, 0.188)
R;(0.963, 1.275, -13.276);(0.974, 1.293, -13.340);0,068;(306.078, 152.867, 191.517);(288.943, 284.098, 77.634);-0,8997341;(0.781, 0.390, 0.488);(0.700, 0.689, 0.188)
R;(0.963, 1.275, -13.276);(0.974, 1.288, -13.341);0,068;(306.078, 152.867, 191.517);(288.636, 279.856, 82.115);-0,9035789;(0.781, 0.390, 0.488);(0.703, 0.682, 0.200)
R;(0.964, 1.273, -13.275);(0.974, 1.288, -13.341);0,069;(308.528, 152.555, 191.727);(288.636, 279.856, 82.115);-0,8950197;(0.783, 0.387, 0.487);(0.703, 0.682, 0.200)
R;(0.964, 1.273, -13.275);(0.974, 1.287, -13.341);0,069;(308.528, 152.555, 191.727);(288.540, 278.044, 84.026);-0,8966824;(0.783, 0.387, 0.487);(0.705, 0.679, 0.205)
R;(0.963, 1.270, -13.274);(0.974, 1.287, -13.341);0,071;(310.083, 151.995, 191.908);(288.540, 278.044, 84.026);-0,8905133;(0.785, 0.385, 0.486);(0.705, 0.679, 0.205)
R;(0.961, 1.264, -13.272);(0.974, 1.281, -13.342);0,073;(313.346, 151.105, 192.022);(288.370, 272.561, 89.806);-0,882563;(0.789, 0.380, 0.483);(0.709, 0.670, 0.221)
R;(0.961, 1.264, -13.272);(0.974, 1.272, -13.343);0,072;(313.346, 151.105, 192.022);(288.466, 263.723, 99.119);-0,8906357;(0.789, 0.380, 0.483);(0.715, 0.654, 0.246)
R;(0.960, 1.260, -13.272);(0.974, 1.272, -13.343);0,074;(312.687, 150.283, 192.477);(288.466, 263.723, 99.119);-0,8917347;(0.788, 0.379, 0.485);(0.715, 0.654, 0.246)
R;(0.960, 1.260, -13.272);(0.974, 1.266, -13.344);0,073;(312.687, 150.283, 192.477);(288.790, 257.820, 105.348);-0,8968063;(0.788, 0.379, 0.485);(0.720, 0.643, 0.263)
R;(0.959, 1.258, -13.271);(0.974, 1.266, -13.344);0,075;(314.106, 150.094, 192.271);(288.790, 257.820, 105.348);-0,8915652;(0.790, 0.377, 0.483);(0.720, 0.643, 0.263)
R;(0.959, 1.258, -13.271);(0.974, 1.261, -13.344);0,075;(314.106, 150.094, 192.271);(289.181, 253.394, 110.028);-0,8954727;(0.790, 0.377, 0.483);(0.723, 0.634, 0.275)
R;(0.958, 1.256, -13.269);(0.974, 1.261, -13.344);0,076;(315.637, 149.710, 192.200);(289.181, 253.394, 110.028);-0,8895889;(0.792, 0.375, 0.482);(0.723, 0.634, 0.275)
R;(0.955, 1.249, -13.267);(0.974, 1.258, -13.344);0,080;(317.942, 148.712, 191.984);(289.539, 250.282, 113.326);-0,8824214;(0.795, 0.372, 0.480);(0.725, 0.627, 0.284)
R;(0.955, 1.249, -13.267);(0.974, 1.246, -13.344);0,079;(317.942, 148.712, 191.984);(291.073, 241.122, 123.090);-0,8915617;(0.795, 0.372, 0.480);(0.732, 0.607, 0.310)
R;(0.956, 1.251, -13.266);(0.974, 1.246, -13.344);0,080;(317.767, 149.362, 191.686);(291.073, 241.122, 123.090);-0,893279;(0.794, 0.373, 0.479);(0.732, 0.607, 0.310)
R;(0.956, 1.251, -13.266);(0.974, 1.248, -13.344);0,080;(317.767, 149.362, 191.686);(290.738, 242.767, 121.329);-0,891598;(0.794, 0.373, 0.479);(0.731, 0.610, 0.305)
R;(0.954, 1.247, -13.264);(0.974, 1.248, -13.344);0,082;(318.602, 148.790, 191.698);(290.738, 242.767, 121.329);-0,8876381;(0.796, 0.372, 0.479);(0.731, 0.610, 0.305)
R;(0.952, 1.243, -13.261);(0.974, 1.242, -13.343);0,085;(320.797, 148.208, 191.577);(291.808, 237.943, 126.506);-0,8842661;(0.798, 0.369, 0.477);(0.735, 0.599, 0.318)
R;(0.952, 1.243, -13.261);(0.974, 1.233, -13.342);0,084;(320.797, 148.208, 191.577);(293.453, 232.285, 132.634);-0,8909477;(0.798, 0.369, 0.477);(0.739, 0.585, 0.334)
R;(0.951, 1.240, -13.261);(0.974, 1.233, -13.342);0,085;(320.279, 147.896, 191.690);(293.453, 232.285, 132.634);-0,8918884;(0.798, 0.368, 0.477);(0.739, 0.585, 0.334)
R;(0.951, 1.240, -13.261);(0.974, 1.228, -13.342);0,085;(320.279, 147.896, 191.690);(294.394, 229.669, 135.496);-0,8950782;(0.798, 0.368, 0.477);(0.741, 0.578, 0.341)
R;(0.951, 1.239, -13.259);(0.974, 1.228, -13.342);0,086;(321.530, 147.535, 191.772);(294.394, 229.669, 135.496);-0,8905464;(0.799, 0.367, 0.477);(0.741, 0.578, 0.341)
R;(0.948, 1.232, -13.256);(0.974, 1.226, -13.341);0,089;(323.098, 146.706, 191.797);(295.016, 228.121, 137.200);-0,8857671;(0.801, 0.364, 0.475);(0.742, 0.574, 0.345)
R;(0.948, 1.232, -13.256);(0.974, 1.213, -13.339);0,089;(323.098, 146.706, 191.797);(297.971, 222.166, 143.849);-0,8943402;(0.801, 0.364, 0.475);(0.748, 0.557, 0.361)
R;(0.949, 1.234, -13.256);(0.974, 1.213, -13.339);0,089;(323.265, 147.212, 191.702);(297.971, 222.166, 143.849);-0,8951122;(0.801, 0.365, 0.475);(0.748, 0.557, 0.361)
R;(0.949, 1.234, -13.256);(0.974, 1.216, -13.339);0,089;(323.265, 147.212, 191.702);(297.281, 223.385, 142.474);-0,8932712;(0.801, 0.365, 0.475);(0.747, 0.561, 0.358)
R;(0.947, 1.231, -13.254);(0.974, 1.216, -13.339);0,090;(324.157, 146.987, 191.648);(297.281, 223.385, 142.474);-0,890059;(0.802, 0.364, 0.474);(0.747, 0.561, 0.358)
R;(0.945, 1.227, -13.251);(0.974, 1.210, -13.338);0,093;(326.157, 146.381, 191.557);(298.634, 221.071, 145.093);-0,886277;(0.804, 0.361, 0.472);(0.749, 0.554, 0.364)
R;(0.945, 1.227, -13.251);(0.974, 1.201, -13.335);0,093;(326.157, 146.381, 191.557);(301.104, 217.550, 149.151);-0,8924867;(0.804, 0.361, 0.472);(0.752, 0.543, 0.373)
R;(0.944, 1.225, -13.250);(0.974, 1.201, -13.335);0,093;(326.023, 146.000, 191.589);(301.104, 217.550, 149.151);-0,8918176;(0.804, 0.360, 0.473);(0.752, 0.543, 0.373)
R;(0.944, 1.225, -13.250);(0.974, 1.198, -13.334);0,093;(326.023, 146.000, 191.589);(301.890, 216.582, 150.287);-0,8935781;(0.804, 0.360, 0.473);(0.753, 0.540, 0.375)
R;(0.943, 1.224, -13.248);(0.974, 1.198, -13.334);0,095;(327.199, 145.605, 191.423);(301.890, 216.582, 150.287);-0,8891711;(0.806, 0.359, 0.471);(0.753, 0.540, 0.375)
R;(0.943, 1.224, -13.248);(0.974, 1.195, -13.333);0,095;(327.199, 145.605, 191.423);(302.915, 215.409, 151.676);-0,8914349;(0.806, 0.359, 0.471);(0.755, 0.537, 0.378)
R;(0.941, 1.222, -13.246);(0.974, 1.195, -13.333);0,096;(328.187, 145.565, 191.053);(302.915, 215.409, 151.676);-0,8883553;(0.807, 0.358, 0.470);(0.755, 0.537, 0.378)
R;(0.941, 1.222, -13.246);(0.974, 1.191, -13.331);0,096;(328.187, 145.565, 191.053);(304.075, 214.191, 153.137);-0,8908519;(0.807, 0.358, 0.470);(0.756, 0.533, 0.381)
R;(0.941, 1.221, -13.245);(0.974, 1.191, -13.331);0,097;(329.365, 145.515, 190.774);(304.075, 214.191, 153.137);-0,8873675;(0.808, 0.357, 0.468);(0.756, 0.533, 0.381)
R;(0.941, 1.221, -13.245);(0.974, 1.188, -13.330);0,097;(329.365, 145.515, 190.774);(304.943, 213.346, 154.162);-0,8892139;(0.808, 0.357, 0.468);(0.757, 0.530, 0.383)
R;(0.938, 1.217, -13.241);(0.974, 1.188, -13.330);0,100;(331.400, 145.213, 190.319);(304.943, 213.346, 154.162);-0,8825215;(0.811, 0.355, 0.466);(0.757, 0.530, 0.383)
R;(0.936, 1.214, -13.238);(0.974, 1.180, -13.326);0,102;(333.392, 144.851, 190.118);(307.369, 211.247, 156.761);-0,8812059;(0.813, 0.353, 0.463);(0.760, 0.522, 0.387)
R;(0.936, 1.214, -13.238);(0.974, 1.172, -13.323);0,101;(333.392, 144.851, 190.118);(309.677, 209.547, 158.934);-0,8858213;(0.813, 0.353, 0.463);(0.762, 0.516, 0.391)
R;(0.936, 1.214, -13.238);(0.974, 1.172, -13.323);0,101;(333.395, 145.049, 190.152);(309.677, 209.547, 158.934);-0,8864711;(0.813, 0.354, 0.463);(0.762, 0.516, 0.391)
R;(0.936, 1.214, -13.238);(0.974, 1.173, -13.323);0,101;(333.395, 145.049, 190.152);(309.472, 209.688, 158.751);-0,8860828;(0.813, 0.354, 0.463);(0.762, 0.516, 0.391)
R;(0.935, 1.212, -13.236);(0.974, 1.173, -13.323);0,103;(334.274, 144.842, 190.058);(309.472, 209.688, 158.751);-0,8831603;(0.814, 0.352, 0.463);(0.762, 0.516, 0.391)
R;(0.933, 1.209, -13.233);(0.974, 1.169, -13.321);0,105;(336.468, 144.310, 189.636);(310.836, 208.783, 159.935);-0,878262;(0.816, 0.350, 0.460);(0.763, 0.513, 0.393)
R;(0.933, 1.209, -13.233);(0.974, 1.162, -13.316);0,104;(336.468, 144.310, 189.636);(313.101, 207.437, 161.744);-0,8825575;(0.816, 0.350, 0.460);(0.766, 0.507, 0.396)
R;(0.932, 1.208, -13.232);(0.974, 1.162, -13.316);0,105;(336.542, 144.087, 189.549);(313.101, 207.437, 161.744);-0,881571;(0.816, 0.350, 0.460);(0.766, 0.507, 0.396)
R;(0.932, 1.208, -13.232);(0.974, 1.161, -13.316);0,105;(336.542, 144.087, 189.549);(313.534, 207.200, 162.070);-0,8823377;(0.816, 0.350, 0.460);(0.766, 0.506, 0.396)
R;(0.931, 1.207, -13.230);(0.974, 1.161, -13.316);0,106;(337.960, 143.700, 189.295);(313.534, 207.200, 162.070);-0,8774686;(0.818, 0.348, 0.458);(0.766, 0.506, 0.396)
R;(0.931, 1.207, -13.230);(0.974, 1.158, -13.314);0,106;(337.960, 143.700, 189.295);(314.428, 206.729, 162.724);-0,8790927;(0.818, 0.348, 0.458);(0.767, 0.504, 0.397)
R;(0.930, 1.206, -13.229);(0.974, 1.158, -13.314);0,107;(339.171, 143.585, 188.899);(314.428, 206.729, 162.724);-0,8755007;(0.819, 0.347, 0.456);(0.767, 0.504, 0.397)
R;(0.928, 1.205, -13.225);(0.974, 1.156, -13.312);0,110;(341.312, 143.339, 188.134);(315.258, 206.313, 163.312);-0,8704105;(0.822, 0.345, 0.453);(0.768, 0.502, 0.398)
R;(0.928, 1.205, -13.225);(0.974, 1.152, -13.309);0,110;(341.312, 143.339, 188.134);(316.765, 205.604, 164.332);-0,8732838;(0.822, 0.345, 0.453);(0.769, 0.499, 0.399)
R;(0.927, 1.205, -13.225);(0.974, 1.152, -13.309);0,110;(341.207, 143.201, 188.138);(316.765, 205.604, 164.332);-0,8730454;(0.822, 0.345, 0.453);(0.769, 0.499, 0.399)
R;(0.927, 1.205, -13.225);(0.974, 1.151, -13.309);0,110;(341.207, 143.201, 188.138);(316.918, 205.536, 164.432);-0,8733234;(0.822, 0.345, 0.453);(0.769, 0.499, 0.399)
R;(0.925, 1.203, -13.222);(0.974, 1.151, -13.309);0,113;(343.245, 142.546, 187.498);(316.918, 205.536, 164.432);-0,865615;(0.825, 0.342, 0.450);(0.769, 0.499, 0.399)
R;(0.922, 1.202, -13.218);(0.974, 1.148, -13.306);0,115;(344.942, 142.077, 186.599);(318.288, 204.946, 165.307);-0,8617712;(0.827, 0.341, 0.447);(0.771, 0.496, 0.400)
R;(0.922, 1.202, -13.218);(0.974, 1.143, -13.303);0,115;(344.942, 142.077, 186.599);(319.868, 204.318, 166.266);-0,864808;(0.827, 0.341, 0.447);(0.772, 0.493, 0.401)
R;(0.922, 1.202, -13.218);(0.974, 1.143, -13.303);0,115;(344.953, 142.304, 186.435);(319.868, 204.318, 166.266);-0,8655007;(0.827, 0.341, 0.447);(0.772, 0.493, 0.401)
R;(0.922, 1.202, -13.218);(0.974, 1.144, -13.303);0,115;(344.953, 142.304, 186.435);(319.696, 204.384, 166.163);-0,8651786;(0.827, 0.341, 0.447);(0.772, 0.493, 0.401)
R;(0.920, 1.202, -13.217);(0.974, 1.144, -13.303);0,117;(345.933, 142.107, 185.761);(319.696, 204.384, 166.163);-0,8616287;(0.828, 0.340, 0.445);(0.772, 0.493, 0.401)
R;(0.918, 1.203, -13.214);(0.974, 1.143, -13.302);0,121;(348.339, 141.854, 184.528);(320.205, 204.191, 166.463);-0,85497;(0.831, 0.339, 0.440);(0.772, 0.492, 0.401)
R;(0.918, 1.203, -13.214);(0.974, 1.142, -13.301);0,120;(348.339, 141.854, 184.528);(320.590, 204.048, 166.687);-0,8557786;(0.831, 0.339, 0.440);(0.773, 0.492, 0.402)
R;(0.918, 1.203, -13.214);(0.974, 1.142, -13.301);0,121;(348.573, 141.736, 184.519);(320.590, 204.048, 166.687);-0,8547553;(0.832, 0.338, 0.440);(0.773, 0.492, 0.402)
R;(0.918, 1.203, -13.214);(0.974, 1.142, -13.302);0,121;(348.573, 141.736, 184.519);(320.503, 204.080, 166.637);-0,854573;(0.832, 0.338, 0.440);(0.772, 0.492, 0.402)
R;(0.917, 1.205, -13.213);(0.974, 1.142, -13.302);0,123;(350.021, 141.463, 184.083);(320.503, 204.080, 166.637);-0,849614;(0.833, 0.337, 0.438);(0.772, 0.492, 0.402)
R;(0.915, 1.206, -13.210);(0.974, 1.142, -13.302);0,126;(352.133, 140.988, 183.141);(320.369, 204.129, 166.559);-0,8413129;(0.836, 0.335, 0.435);(0.772, 0.492, 0.402)
R;(0.915, 1.206, -13.210);(0.974, 1.142, -13.302);0,126;(352.133, 140.988, 183.141);(320.506, 204.079, 166.639);-0,8416415;(0.836, 0.335, 0.435);(0.772, 0.492, 0.402)
R;(0.915, 1.206, -13.210);(0.974, 1.142, -13.302);0,126;(351.841, 141.223, 183.139);(320.506, 204.079, 166.639);-0,8433166;(0.836, 0.335, 0.435);(0.772, 0.492, 0.402)
R;(0.915, 1.206, -13.210);(0.974, 1.142, -13.302);0,126;(351.841, 141.223, 183.139);(320.380, 204.125, 166.566);-0,8430169;(0.836, 0.335, 0.435);(0.772, 0.492, 0.402)
R;(0.914, 1.207, -13.208);(0.974, 1.142, -13.302);0,129;(352.346, 141.058, 182.584);(320.380, 204.125, 166.566);-0,8406079;(0.837, 0.335, 0.434);(0.772, 0.492, 0.402)
R;(0.914, 1.207, -13.208);(0.974, 1.141, -13.301);0,128;(352.346, 141.058, 182.584);(320.640, 204.030, 166.716);-0,8412363;(0.837, 0.335, 0.434);(0.773, 0.492, 0.402)
R;(0.912, 1.208, -13.207);(0.974, 1.141, -13.301);0,131;(352.847, 140.881, 182.016);(320.640, 204.030, 166.716);-0,8387689;(0.838, 0.334, 0.432);(0.773, 0.492, 0.402)
R;(0.910, 1.209, -13.204);(0.974, 1.141, -13.301);0,134;(353.819, 140.465, 181.060);(320.687, 204.012, 166.743);-0,8338667;(0.839, 0.333, 0.430);(0.773, 0.492, 0.402)
R;(0.910, 1.209, -13.204);(0.974, 1.140, -13.300);0,134;(353.819, 140.465, 181.060);(321.131, 203.853, 166.997);-0,83498;(0.839, 0.333, 0.430);(0.773, 0.491, 0.402)
R;(0.909, 1.209, -13.203);(0.974, 1.140, -13.300);0,135;(353.548, 140.195, 181.277);(321.131, 203.853, 166.997);-0,8347861;(0.839, 0.333, 0.430);(0.773, 0.491, 0.402)
R;(0.909, 1.209, -13.203);(0.974, 1.141, -13.300);0,135;(353.548, 140.195, 181.277);(320.989, 203.903, 166.916);-0,8344359;(0.839, 0.333, 0.430);(0.773, 0.491, 0.402)
R;(0.908, 1.211, -13.202);(0.974, 1.141, -13.300);0,138;(353.801, 140.082, 181.324);(320.989, 203.903, 166.916);-0,8333622;(0.839, 0.332, 0.430);(0.773, 0.491, 0.402)
R;(0.908, 1.211, -13.202);(0.974, 1.142, -13.302);0,138;(353.801, 140.082, 181.324);(320.385, 204.124, 166.568);-0,8318402;(0.839, 0.332, 0.430);(0.772, 0.492, 0.402)
R;(0.906, 1.213, -13.201);(0.974, 1.142, -13.302);0,141;(353.858, 139.974, 181.443);(320.385, 204.124, 166.568);-0,8313577;(0.839, 0.332, 0.430);(0.772, 0.492, 0.402)
R;(0.906, 1.213, -13.201);(0.974, 1.143, -13.303);0,141;(353.858, 139.974, 181.443);(319.938, 204.291, 166.307);-0,8302119;(0.839, 0.332, 0.430);(0.772, 0.493, 0.401)
R;(0.905, 1.214, -13.200);(0.974, 1.143, -13.303);0,142;(353.635, 139.775, 181.681);(319.938, 204.291, 166.307);-0,8302209;(0.839, 0.332, 0.431);(0.772, 0.493, 0.401)
R;(0.903, 1.214, -13.198);(0.974, 1.143, -13.303);0,145;(353.315, 139.645, 181.836);(320.012, 204.263, 166.350);-0,8308766;(0.839, 0.332, 0.432);(0.772, 0.493, 0.401)
R;(0.903, 1.214, -13.198);(0.974, 1.142, -13.302);0,145;(353.315, 139.645, 181.836);(320.377, 204.127, 166.564);-0,8317931;(0.839, 0.332, 0.432);(0.772, 0.492, 0.402)
R;(0.901, 1.212, -13.197);(0.974, 1.142, -13.302);0,145;(352.430, 139.297, 181.935);(320.377, 204.127, 166.564);-0,8327879;(0.838, 0.331, 0.433);(0.772, 0.492, 0.402)
R;(0.901, 1.212, -13.197);(0.974, 1.140, -13.300);0,145;(352.430, 139.297, 181.935);(321.069, 203.875, 166.962);-0,834443;(0.838, 0.331, 0.433);(0.773, 0.491, 0.402)
R;(0.900, 1.212, -13.197);(0.974, 1.140, -13.300);0,146;(351.407, 139.419, 182.272);(321.069, 203.875, 166.962);-0,8378111;(0.837, 0.332, 0.434);(0.773, 0.491, 0.402)
R;(0.897, 1.211, -13.196);(0.974, 1.140, -13.300);0,148;(349.630, 139.191, 183.281);(321.059, 203.878, 166.956);-0,8421273;(0.835, 0.333, 0.438);(0.773, 0.491, 0.402)
R;(0.897, 1.211, -13.196);(0.974, 1.140, -13.300);0,148;(349.630, 139.191, 183.281);(321.259, 203.807, 167.069);-0,8425494;(0.835, 0.333, 0.438);(0.773, 0.490, 0.402)
R;(0.899, 1.212, -13.197);(0.974, 1.140, -13.300);0,146;(349.870, 139.630, 183.682);(321.259, 203.807, 167.069);-0,8440903;(0.835, 0.333, 0.438);(0.773, 0.490, 0.402)
R;(0.899, 1.212, -13.197);(0.974, 1.141, -13.301);0,147;(349.870, 139.630, 183.682);(320.773, 203.981, 166.792);-0,843047;(0.835, 0.333, 0.438);(0.773, 0.491, 0.402)
R;(0.897, 1.212, -13.198);(0.974, 1.141, -13.301);0,146;(348.218, 139.666, 184.443);(320.773, 203.981, 166.792);-0,8478432;(0.833, 0.334, 0.441);(0.773, 0.491, 0.402)
R;(0.897, 1.212, -13.198);(0.974, 1.141, -13.301);0,147;(348.218, 139.666, 184.443);(320.665, 204.020, 166.731);-0,8476249;(0.833, 0.334, 0.441);(0.773, 0.492, 0.402)
R;(0.895, 1.211, -13.199);(0.974, 1.141, -13.301);0,146;(346.135, 140.082, 185.050);(320.665, 204.020, 166.731);-0,854654;(0.831, 0.336, 0.444);(0.773, 0.492, 0.402)
R;(0.893, 1.210, -13.200);(0.974, 1.141, -13.301);0,146;(343.089, 140.629, 185.860);(320.722, 204.000, 166.763);-0,8642514;(0.827, 0.339, 0.448);(0.773, 0.491, 0.402)
R;(0.893, 1.210, -13.200);(0.974, 1.142, -13.302);0,146;(343.089, 140.629, 185.860);(320.370, 204.129, 166.560);-0,863676;(0.827, 0.339, 0.448);(0.772, 0.492, 0.402)
R;(0.894, 1.209, -13.200);(0.974, 1.142, -13.302);0,146;(342.654, 140.515, 186.077);(320.370, 204.129, 166.560);-0,8643563;(0.827, 0.339, 0.449);(0.772, 0.492, 0.402)
R;(0.894, 1.209, -13.200);(0.974, 1.141, -13.301);0,146;(342.654, 140.515, 186.077);(320.809, 203.968, 166.813);-0,8650564;(0.827, 0.339, 0.449);(0.773, 0.491, 0.402)
R;(0.893, 1.210, -13.201);(0.974, 1.141, -13.301);0,146;(341.206, 140.340, 186.342);(320.809, 203.968, 166.813);-0,8675573;(0.826, 0.340, 0.451);(0.773, 0.491, 0.402)
R;(0.891, 1.210, -13.204);(0.974, 1.143, -13.302);0,145;(337.862, 140.294, 186.854);(320.136, 204.216, 166.423);-0,8733395;(0.822, 0.342, 0.455);(0.772, 0.493, 0.401)
R;(0.890, 1.211, -13.209);(0.897, 1.200, -13.206);0,014;(336.032, 141.185, 186.953);(337.862, 140.294, 186.854);-0,9998392;(0.820, 0.345, 0.456);(0.822, 0.342, 0.455)
R;(0.892, 1.211, -13.215);(0.897, 1.200, -13.206);0,015;(332.858, 142.389, 189.034);(337.862, 140.294, 186.854);-0,9985539;(0.815, 0.349, 0.463);(0.822, 0.342, 0.455)
R;(0.975, 1.332, -13.302);(0.973, 1.331, -13.302);0,003;(281.716, 331.428, 25.084);(284.065, 332.683, 22.847);-0,9997478;(0.647, 0.761, 0.058);(0.648, 0.759, 0.052)
R;(0.976, 1.327, -13.305);(0.975, 1.332, -13.302);0,006;(277.289, 332.162, 25.137);(281.716, 331.428, 25.084);-0,9992303;(0.640, 0.766, 0.058);(0.647, 0.761, 0.058)
R;(0.976, 1.327, -13.305);(0.975, 1.330, -13.303);0,004;(277.289, 332.162, 25.137);(281.144, 329.836, 26.709);-0,9994091;(0.640, 0.766, 0.058);(0.647, 0.760, 0.062)
R;(0.975, 1.326, -13.306);(0.975, 1.330, -13.303);0,005;(276.315, 331.887, 25.423);(281.144, 329.836, 26.709);-0,9990879;(0.639, 0.767, 0.059);(0.647, 0.760, 0.062)
R;(0.975, 1.326, -13.306);(0.975, 1.329, -13.304);0,004;(276.315, 331.887, 25.423);(280.716, 328.515, 28.054);-0,9992347;(0.639, 0.767, 0.059);(0.648, 0.759, 0.065)
R;(0.976, 1.325, -13.306);(0.975, 1.329, -13.304);0,005;(275.402, 331.644, 25.737);(280.716, 328.515, 28.054);-0,9988949;(0.638, 0.768, 0.060);(0.648, 0.759, 0.065)
R;(0.976, 1.325, -13.306);(0.975, 1.328, -13.304);0,004;(275.402, 331.644, 25.737);(280.325, 327.190, 29.402);-0,9990433;(0.638, 0.768, 0.060);(0.649, 0.758, 0.068)
R;(0.975, 1.323, -13.306);(0.975, 1.328, -13.304);0,005;(274.964, 327.157, 29.472);(280.325, 327.190, 29.402);-0,998906;(0.642, 0.764, 0.069);(0.649, 0.758, 0.068)
R;(0.975, 1.320, -13.306);(0.975, 1.327, -13.305);0,007;(273.243, 333.591, 22.705);(279.942, 325.771, 30.843);-0,9982641;(0.633, 0.773, 0.053);(0.650, 0.756, 0.072)
R;(0.975, 1.320, -13.306);(0.975, 1.324, -13.306);0,004;(273.243, 333.591, 22.705);(278.990, 321.577, 35.095);-0,998687;(0.633, 0.773, 0.053);(0.653, 0.753, 0.082)
R;(0.975, 1.319, -13.306);(0.975, 1.324, -13.306);0,005;(273.370, 339.420, 16.698);(278.990, 321.577, 35.095);-0,9986715;(0.627, 0.778, 0.038);(0.653, 0.753, 0.082)
R;(0.975, 1.319, -13.306);(0.975, 1.323, -13.307);0,004;(273.370, 339.420, 16.698);(278.722, 320.176, 36.513);-0,9987684;(0.627, 0.778, 0.038);(0.654, 0.751, 0.086)
R;(0.974, 1.317, -13.306);(0.975, 1.323, -13.307);0,006;(272.592, 345.702, 9.906);(278.722, 320.176, 36.513);-0,9983504;(0.619, 0.785, 0.022);(0.654, 0.751, 0.086)
R;(0.974, 1.317, -13.306);(0.975, 1.322, -13.307);0,005;(272.592, 345.702, 9.906);(278.256, 317.444, 39.275);-0,9985304;(0.619, 0.785, 0.022);(0.656, 0.749, 0.093)
R;(0.973, 1.316, -13.305);(0.975, 1.322, -13.307);0,006;(271.655, 347.274, 7.821);(278.256, 317.444, 39.275);-0,998096;(0.616, 0.788, 0.018);(0.656, 0.749, 0.093)
R;(0.972, 1.314, -13.305);(0.975, 1.321, -13.308);0,008;(270.232, 17.928, 336.352);(278.045, 316.059, 40.674);-0,9973702;(0.626, 0.042, 0.779);(0.657, 0.747, 0.096)
R;(0.972, 1.314, -13.305);(0.975, 1.319, -13.309);0,007;(270.232, 17.928, 336.352);(277.475, 311.707, 45.066);-0,9976858;(0.626, 0.042, 0.779);(0.661, 0.743, 0.107)
R;(0.972, 1.314, -13.305);(0.975, 1.319, -13.309);0,007;(270.412, 344.079, 10.360);(277.475, 311.707, 45.066);-0,9978551;(0.618, 0.786, 0.024);(0.661, 0.743, 0.107)
R;(0.972, 1.314, -13.305);(0.975, 1.319, -13.309);0,007;(270.412, 344.079, 10.360);(277.476, 311.723, 45.050);-0,9978541;(0.618, 0.786, 0.024);(0.661, 0.743, 0.107)
R;(0.972, 1.313, -13.305);(0.975, 1.319, -13.309);0,008;(270.308, 298.918, 55.457);(277.476, 311.723, 45.050);-0,9978221;(0.664, 0.735, 0.136);(0.661, 0.743, 0.107)
R;(0.971, 1.310, -13.305);(0.975, 1.318, -13.309);0,010;(270.288, 200.612, 153.573);(277.189, 309.100, 47.695);-0,9977243;(0.731, 0.542, 0.415);(0.663, 0.740, 0.114)
R;(0.971, 1.310, -13.305);(0.975, 1.315, -13.310);0,008;(270.288, 200.612, 153.573);(276.620, 302.601, 54.241);-0,9980336;(0.731, 0.542, 0.415);(0.669, 0.732, 0.131)
R;(0.971, 1.309, -13.305);(0.975, 1.315, -13.310);0,008;(270.063, 354.371, 0.000);(276.620, 302.601, 54.241);-0,9981145;(0.606, 0.795, 0.000);(0.669, 0.732, 0.131)
R;(0.971, 1.309, -13.305);(0.975, 1.315, -13.310);0,008;(270.063, 354.371, 0.000);(276.494, 300.830, 56.024);-0,998174;(0.606, 0.795, 0.000);(0.670, 0.729, 0.136)
R;(0.971, 1.308, -13.305);(0.975, 1.315, -13.310);0,009;(270.212, 54.830, 299.594);(276.494, 300.830, 56.024);-0,9981239;(0.664, 0.135, 0.736);(0.670, 0.729, 0.136)
R;(0.971, 1.304, -13.306);(0.975, 1.313, -13.311);0,011;(270.584, 46.153, 308.255);(276.216, 296.246, 60.636);-0,9981838;(0.656, 0.112, 0.747);(0.674, 0.723, 0.148)
R;(0.971, 1.304, -13.306);(0.975, 1.310, -13.312);0,009;(270.584, 46.153, 308.255);(275.735, 283.636, 73.314);-0,9983474;(0.656, 0.112, 0.747);(0.685, 0.705, 0.182)
R;(0.971, 1.304, -13.305);(0.975, 1.310, -13.312);0,009;(270.397, 39.419, 314.936);(275.735, 283.636, 73.314);-0,9984067;(0.649, 0.095, 0.755);(0.685, 0.705, 0.182)
R;(0.971, 1.304, -13.305);(0.975, 1.310, -13.312);0,010;(270.397, 39.419, 314.936);(275.791, 285.751, 71.188);-0,9983892;(0.649, 0.095, 0.755);(0.684, 0.708, 0.176)
R;(0.971, 1.303, -13.305);(0.975, 1.310, -13.312);0,011;(270.393, 48.750, 305.302);(275.791, 285.751, 71.188);-0,9983023;(0.658, 0.119, 0.743);(0.684, 0.708, 0.176)
R;(0.970, 1.300, -13.304);(0.975, 1.309, -13.313);0,013;(270.654, 137.842, 215.497);(275.654, 279.657, 77.313);-0,9980499;(0.727, 0.370, 0.579);(0.689, 0.699, 0.193)
R;(0.970, 1.300, -13.304);(0.975, 1.307, -13.313);0,012;(270.654, 137.842, 215.497);(275.574, 271.010, 86.002);-0,9981046;(0.727, 0.370, 0.579);(0.696, 0.684, 0.217)
R;(0.970, 1.300, -13.304);(0.975, 1.307, -13.313);0,012;(271.044, 147.795, 205.268);(275.574, 271.010, 86.002);-0,9979532;(0.731, 0.399, 0.554);(0.696, 0.684, 0.217)
R;(0.970, 1.300, -13.304);(0.975, 1.306, -13.314);0,012;(271.044, 147.795, 205.268);(275.573, 269.913, 87.104);-0,9979593;(0.731, 0.399, 0.554);(0.697, 0.683, 0.220)
R;(0.969, 1.299, -13.304);(0.975, 1.306, -13.314);0,014;(272.279, 151.288, 201.229);(275.573, 269.913, 87.104);-0,997421;(0.734, 0.408, 0.543);(0.697, 0.683, 0.220)
R;(0.969, 1.299, -13.304);(0.975, 1.305, -13.314);0,013;(272.279, 151.288, 201.229);(275.589, 265.711, 91.325);-0,9974712;(0.734, 0.408, 0.543);(0.700, 0.675, 0.232)
R;(0.968, 1.297, -13.302);(0.975, 1.305, -13.314);0,016;(274.794, 154.772, 196.774);(275.589, 265.711, 91.325);-0,9961548;(0.739, 0.416, 0.529);(0.700, 0.675, 0.232)
R;(0.968, 1.297, -13.302);(0.975, 1.304, -13.314);0,015;(274.794, 154.772, 196.774);(275.667, 259.580, 97.486);-0,9963142;(0.739, 0.416, 0.529);(0.705, 0.664, 0.249)
R;(0.967, 1.298, -13.301);(0.975, 1.304, -13.314);0,016;(276.928, 156.927, 194.068);(275.667, 259.580, 97.486);-0,9950546;(0.743, 0.421, 0.521);(0.705, 0.664, 0.249)
R;(0.967, 1.298, -13.301);(0.975, 1.304, -13.314);0,016;(276.928, 156.927, 194.068);(275.652, 260.418, 96.644);-0,995021;(0.743, 0.421, 0.521);(0.704, 0.665, 0.247)
R;(0.966, 1.298, -13.301);(0.975, 1.304, -13.314);0,017;(278.898, 157.494, 193.015);(275.652, 260.418, 96.644);-0,9935057;(0.746, 0.421, 0.516);(0.704, 0.665, 0.247)
R;(0.965, 1.297, -13.300);(0.975, 1.304, -13.314);0,019;(282.164, 157.182, 192.520);(275.672, 259.313, 97.755);-0,9903322;(0.750, 0.418, 0.512);(0.705, 0.663, 0.250)
R;(0.965, 1.297, -13.300);(0.975, 1.302, -13.315);0,018;(282.164, 157.182, 192.520);(275.794, 254.152, 102.941);-0,9907291;(0.750, 0.418, 0.512);(0.709, 0.653, 0.265)
R;(0.966, 1.295, -13.301);(0.975, 1.302, -13.315);0,019;(282.167, 154.540, 195.287);(275.794, 254.152, 102.941);-0,9905437;(0.750, 0.411, 0.519);(0.709, 0.653, 0.265)
R;(0.966, 1.295, -13.301);(0.975, 1.301, -13.315);0,018;(282.167, 154.540, 195.287);(276.032, 247.545, 109.583);-0,9910389;(0.750, 0.411, 0.519);(0.714, 0.640, 0.283)
R;(0.965, 1.294, -13.301);(0.975, 1.301, -13.315);0,019;(283.883, 154.364, 195.235);(276.032, 247.545, 109.583);-0,9892209;(0.752, 0.409, 0.517);(0.714, 0.640, 0.283)
R;(0.965, 1.292, -13.301);(0.975, 1.300, -13.316);0,020;(286.983, 154.057, 194.869);(276.151, 245.019, 112.124);-0,9855106;(0.756, 0.406, 0.513);(0.716, 0.635, 0.291)
R;(0.965, 1.292, -13.301);(0.975, 1.298, -13.316);0,020;(286.983, 154.057, 194.869);(276.466, 239.579, 117.597);-0,9861516;(0.756, 0.406, 0.513);(0.719, 0.623, 0.306)
R;(0.965, 1.294, -13.299);(0.975, 1.298, -13.316);0,020;(287.142, 156.572, 192.379);(276.466, 239.579, 117.597);-0,986335;(0.757, 0.413, 0.507);(0.719, 0.623, 0.306)
R;(0.965, 1.294, -13.299);(0.975, 1.300, -13.315);0,020;(287.142, 156.572, 192.379);(276.041, 247.345, 109.785);-0,9853987;(0.757, 0.413, 0.507);(0.714, 0.640, 0.284)
R;(0.964, 1.292, -13.300);(0.975, 1.300, -13.315);0,021;(288.320, 156.345, 191.924);(276.041, 247.345, 109.785);-0,9834321;(0.759, 0.411, 0.505);(0.714, 0.640, 0.284)
R;(0.962, 1.289, -13.300);(0.975, 1.298, -13.316);0,022;(290.725, 155.806, 190.947);(276.460, 239.679, 117.496);-0,9800607;(0.763, 0.409, 0.501);(0.719, 0.624, 0.306)
R;(0.962, 1.289, -13.300);(0.975, 1.294, -13.317);0,022;(290.725, 155.806, 190.947);(277.388, 229.050, 128.203);-0,981871;(0.763, 0.409, 0.501);(0.726, 0.600, 0.336)
R;(0.962, 1.288, -13.300);(0.975, 1.294, -13.317);0,023;(290.691, 155.718, 190.641);(277.388, 229.050, 128.203);-0,981622;(0.763, 0.409, 0.500);(0.726, 0.600, 0.336)
R;(0.962, 1.288, -13.300);(0.975, 1.293, -13.318);0,023;(290.691, 155.718, 190.641);(277.655, 226.807, 130.465);-0,9820468;(0.763, 0.409, 0.500);(0.728, 0.594, 0.342)
R;(0.961, 1.286, -13.299);(0.975, 1.293, -13.318);0,024;(292.416, 154.834, 190.635);(277.655, 226.807, 130.465);-0,9788154;(0.766, 0.405, 0.499);(0.728, 0.594, 0.342)
R;(0.961, 1.286, -13.299);(0.975, 1.291, -13.318);0,024;(292.416, 154.834, 190.635);(278.160, 223.171, 134.136);-0,979629;(0.766, 0.405, 0.499);(0.730, 0.586, 0.352)
R;(0.961, 1.288, -13.298);(0.975, 1.291, -13.318);0,025;(294.564, 154.999, 189.809);(278.160, 223.171, 134.136);-0,9759678;(0.769, 0.405, 0.495);(0.730, 0.586, 0.352)
R;(0.959, 1.283, -13.298);(0.975, 1.292, -13.318);0,027;(297.853, 153.626, 189.712);(277.810, 225.616, 131.667);-0,9681117;(0.773, 0.399, 0.493);(0.729, 0.592, 0.345)
R;(0.959, 1.283, -13.298);(0.975, 1.287, -13.319);0,026;(297.853, 153.626, 189.712);(279.289, 216.990, 140.389);-0,9709644;(0.773, 0.399, 0.493);(0.734, 0.570, 0.369)
R;(0.959, 1.286, -13.298);(0.975, 1.287, -13.319);0,026;(299.934, 155.185, 187.876);(279.289, 216.990, 140.389);-0,9674959;(0.776, 0.402, 0.486);(0.734, 0.570, 0.369)
R;(0.959, 1.286, -13.298);(0.975, 1.290, -13.318);0,026;(299.934, 155.185, 187.876);(278.470, 221.250, 136.077);-0,965822;(0.776, 0.402, 0.486);(0.731, 0.581, 0.357)
R;(0.959, 1.284, -13.298);(0.975, 1.290, -13.318);0,026;(301.353, 155.517, 187.339);(278.470, 221.250, 136.077);-0,9629543;(0.778, 0.401, 0.484);(0.731, 0.581, 0.357)
R;(0.958, 1.282, -13.299);(0.975, 1.288, -13.319);0,027;(304.316, 155.235, 187.021);(279.001, 218.370, 138.991);-0,9573712;(0.781, 0.399, 0.480);(0.733, 0.574, 0.365)
R;(0.958, 1.282, -13.299);(0.975, 1.285, -13.319);0,027;(304.316, 155.235, 187.021);(279.941, 214.234, 143.184);-0,9595231;(0.781, 0.399, 0.480);(0.736, 0.563, 0.376)
R;(0.957, 1.277, -13.299);(0.975, 1.285, -13.319);0,028;(303.591, 153.649, 188.457);(279.941, 214.234, 143.184);-0,9603319;(0.781, 0.395, 0.485);(0.736, 0.563, 0.376)
R;(0.957, 1.277, -13.299);(0.975, 1.280, -13.320);0,028;(303.591, 153.649, 188.457);(281.737, 208.518, 149.003);-0,9638097;(0.781, 0.395, 0.485);(0.740, 0.547, 0.391)
R;(0.958, 1.276, -13.299);(0.975, 1.280, -13.320);0,028;(304.756, 153.409, 188.585);(281.737, 208.518, 149.003);-0,9613435;(0.782, 0.394, 0.484);(0.740, 0.547, 0.391)
R;(0.956, 1.270, -13.298);(0.975, 1.279, -13.320);0,030;(304.875, 153.248, 188.415);(281.921, 208.044, 149.487);-0,9610801;(0.782, 0.393, 0.483);(0.740, 0.546, 0.392)
R;(0.956, 1.270, -13.298);(0.975, 1.272, -13.321);0,030;(304.875, 153.248, 188.415);(284.140, 203.425, 154.228);-0,9649192;(0.782, 0.393, 0.483);(0.744, 0.533, 0.404)
R;(0.957, 1.272, -13.297);(0.975, 1.272, -13.321);0,030;(304.531, 153.321, 188.599);(284.140, 203.425, 154.228);-0,9658076;(0.782, 0.393, 0.484);(0.744, 0.533, 0.404)
R;(0.957, 1.272, -13.297);(0.975, 1.275, -13.321);0,030;(304.531, 153.321, 188.599);(283.208, 205.153, 152.449);-0,9642925;(0.782, 0.393, 0.484);(0.742, 0.538, 0.400)
R;(0.957, 1.269, -13.297);(0.975, 1.275, -13.321);0,031;(303.743, 153.651, 188.374);(283.208, 205.153, 152.449);-0,9659656;(0.781, 0.395, 0.484);(0.742, 0.538, 0.400)
R;(0.957, 1.269, -13.297);(0.975, 1.271, -13.321);0,031;(303.743, 153.651, 188.374);(284.473, 202.867, 154.803);-0,9679267;(0.781, 0.395, 0.484);(0.744, 0.531, 0.405)
R;(0.956, 1.265, -13.296);(0.975, 1.271, -13.321);0,033;(302.971, 153.107, 189.119);(284.473, 202.867, 154.803);-0,9691752;(0.780, 0.394, 0.487);(0.744, 0.531, 0.405)
R;(0.956, 1.265, -13.296);(0.975, 1.266, -13.322);0,032;(302.971, 153.107, 189.119);(286.267, 200.287, 157.479);-0,9715508;(0.780, 0.394, 0.487);(0.747, 0.523, 0.411)
R;(0.955, 1.259, -13.295);(0.975, 1.266, -13.322);0,034;(302.287, 152.366, 189.898);(286.267, 200.287, 157.479);-0,9722776;(0.779, 0.393, 0.489);(0.747, 0.523, 0.411)
R;(0.955, 1.259, -13.295);(0.975, 1.260, -13.322);0,034;(302.287, 152.366, 189.898);(288.458, 197.863, 160.018);-0,9746311;(0.779, 0.393, 0.489);(0.750, 0.514, 0.416)
R;(0.954, 1.255, -13.294);(0.975, 1.260, -13.322);0,035;(301.987, 151.500, 190.725);(288.458, 197.863, 160.018);-0,9745731;(0.778, 0.390, 0.492);(0.750, 0.514, 0.416)
R;(0.953, 1.250, -13.291);(0.975, 1.255, -13.322);0,038;(302.439, 150.846, 191.350);(290.330, 196.232, 161.747);-0,9752896;(0.779, 0.388, 0.493);(0.752, 0.508, 0.419)
R;(0.953, 1.250, -13.291);(0.975, 1.248, -13.322);0,037;(302.439, 150.846, 191.350);(292.664, 194.598, 163.502);-0,9769424;(0.779, 0.388, 0.493);(0.755, 0.502, 0.422)
R;(0.954, 1.250, -13.291);(0.975, 1.248, -13.322);0,038;(302.967, 150.139, 191.954);(292.664, 194.598, 163.502);-0,975893;(0.779, 0.386, 0.494);(0.755, 0.502, 0.422)
R;(0.954, 1.250, -13.291);(0.975, 1.249, -13.322);0,038;(302.967, 150.139, 191.954);(292.575, 194.654, 163.442);-0,9758356;(0.779, 0.386, 0.494);(0.755, 0.502, 0.422)
R;(0.952, 1.246, -13.290);(0.975, 1.249, -13.322);0,039;(304.132, 149.674, 192.000);(292.575, 194.654, 163.442);-0,973882;(0.781, 0.384, 0.493);(0.755, 0.502, 0.422)
R;(0.951, 1.242, -13.288);(0.975, 1.243, -13.321);0,041;(307.066, 149.483, 191.594);(294.523, 193.532, 164.666);-0,9711527;(0.784, 0.382, 0.489);(0.757, 0.498, 0.423)
R;(0.951, 1.242, -13.288);(0.975, 1.238, -13.321);0,041;(307.066, 149.483, 191.594);(296.286, 192.668, 165.622);-0,9724131;(0.784, 0.382, 0.489);(0.759, 0.494, 0.424)
R;(0.952, 1.246, -13.288);(0.975, 1.238, -13.321);0,041;(308.367, 150.577, 190.505);(296.286, 192.668, 165.622);-0,9716955;(0.786, 0.384, 0.485);(0.759, 0.494, 0.424)
R;(0.952, 1.246, -13.288);(0.975, 1.244, -13.321);0,041;(308.367, 150.577, 190.505);(294.365, 193.616, 164.573);-0,9700906;(0.786, 0.384, 0.485);(0.757, 0.498, 0.423)
R;(0.951, 1.246, -13.287);(0.975, 1.244, -13.321);0,042;(310.375, 151.019, 189.501);(294.365, 193.616, 164.573);-0,9670894;(0.788, 0.384, 0.481);(0.757, 0.498, 0.423)
R;(0.950, 1.245, -13.286);(0.975, 1.242, -13.321);0,044;(314.853, 151.002, 188.478);(294.945, 193.313, 164.907);-0,9596595;(0.793, 0.381, 0.475);(0.758, 0.497, 0.424)
R;(0.950, 1.245, -13.286);(0.975, 1.240, -13.321);0,044;(314.853, 151.002, 188.478);(295.574, 193.002, 165.251);-0,9604986;(0.793, 0.381, 0.475);(0.758, 0.495, 0.424)
R;(0.949, 1.241, -13.286);(0.975, 1.240, -13.321);0,044;(314.759, 150.579, 188.661);(295.574, 193.002, 165.251);-0,9601059;(0.794, 0.380, 0.476);(0.758, 0.495, 0.424)
R;(0.949, 1.241, -13.286);(0.975, 1.237, -13.321);0,044;(314.759, 150.579, 188.661);(296.970, 192.365, 165.961);-0,96184;(0.794, 0.380, 0.476);(0.760, 0.492, 0.425)
R;(0.949, 1.241, -13.285);(0.975, 1.237, -13.321);0,045;(317.164, 150.249, 188.357);(296.970, 192.365, 165.961);-0,9569521;(0.796, 0.377, 0.473);(0.760, 0.492, 0.425)
R;(0.949, 1.241, -13.285);(0.975, 1.235, -13.321);0,045;(317.164, 150.249, 188.357);(297.407, 192.180, 166.169);-0,9575393;(0.796, 0.377, 0.473);(0.760, 0.491, 0.425)
R;(0.949, 1.241, -13.284);(0.975, 1.235, -13.321);0,046;(319.447, 150.190, 187.889);(297.407, 192.180, 166.169);-0,9528686;(0.799, 0.376, 0.470);(0.760, 0.491, 0.425)
R;(0.947, 1.237, -13.282);(0.975, 1.235, -13.321);0,048;(323.277, 149.710, 187.263);(297.551, 192.121, 166.236);-0,9438875;(0.803, 0.372, 0.465);(0.761, 0.491, 0.425)
R;(0.947, 1.237, -13.282);(0.975, 1.230, -13.320);0,047;(323.277, 149.710, 187.263);(299.341, 191.432, 167.019);-0,9469182;(0.803, 0.372, 0.465);(0.762, 0.488, 0.425)
R;(0.948, 1.239, -13.281);(0.975, 1.230, -13.320);0,048;(323.340, 150.049, 187.111);(299.341, 191.432, 167.019);-0,9473026;(0.803, 0.373, 0.465);(0.762, 0.488, 0.425)
R;(0.948, 1.239, -13.281);(0.975, 1.232, -13.320);0,048;(323.340, 150.049, 187.111);(298.676, 191.677, 166.739);-0,9461989;(0.803, 0.373, 0.465);(0.762, 0.489, 0.425)
R;(0.947, 1.236, -13.280);(0.975, 1.232, -13.320);0,049;(324.692, 150.046, 186.652);(298.676, 191.677, 166.739);-0,9429116;(0.805, 0.372, 0.463);(0.762, 0.489, 0.425)
R;(0.946, 1.233, -13.277);(0.975, 1.228, -13.319);0,051;(327.621, 149.673, 186.093);(300.060, 191.179, 167.310);-0,937732;(0.808, 0.369, 0.459);(0.763, 0.486, 0.426)
R;(0.946, 1.233, -13.277);(0.975, 1.224, -13.318);0,051;(327.621, 149.673, 186.093);(301.771, 190.629, 167.951);-0,9408612;(0.808, 0.369, 0.459);(0.765, 0.483, 0.426)
R;(0.945, 1.231, -13.276);(0.975, 1.224, -13.318);0,052;(327.042, 149.296, 186.386);(301.771, 190.629, 167.951);-0,9415889;(0.808, 0.369, 0.460);(0.765, 0.483, 0.426)
R;(0.945, 1.231, -13.276);(0.975, 1.220, -13.318);0,052;(327.042, 149.296, 186.386);(303.193, 190.218, 168.438);-0,9439492;(0.808, 0.369, 0.460);(0.766, 0.481, 0.426)
R;(0.945, 1.230, -13.275);(0.975, 1.220, -13.318);0,053;(328.483, 149.146, 186.300);(303.193, 190.218, 168.438);-0,9406009;(0.809, 0.367, 0.459);(0.766, 0.481, 0.426)